#{"t_start": 1693397000.4219325, "env_id": null}
r,l,t
236.543662,337,3.27625
224.166172,337,3.595388
224.166172,337,3.924229
224.166172,337,4.20674
224.166172,337,4.505401
224.166172,337,4.821618
224.166172,337,5.114598
224.166172,337,5.430683
224.166172,337,5.743477
224.166172,337,6.355316
224.166172,337,6.646541
224.166172,337,6.953319
224.166172,337,7.253866
224.166172,337,7.59684
224.166172,337,7.928816
224.166172,337,8.238917
224.166172,337,8.526504
224.166172,337,8.857725
224.166172,337,9.492222
224.166172,337,9.800407
224.166172,337,10.09339
224.166172,337,10.38501
224.166172,337,10.657325
224.166172,337,10.922573
224.166172,337,11.203821
224.166172,337,11.51104
224.166172,337,11.862947
224.166172,337,12.174701
224.166172,337,12.776921
224.166172,337,13.072886
224.166172,337,13.406647
224.166172,337,13.694428
224.166172,337,14.039213
224.166172,337,14.342141
224.166172,337,14.635117
224.166172,337,14.944273
224.166172,337,15.264116
224.166172,337,15.877613
224.166172,337,16.156666
224.166172,337,16.446121
224.166172,337,16.727332
224.166172,337,17.01372
224.166172,337,17.294672
224.166172,337,17.612599
224.166172,337,17.909666
224.166172,337,18.240235
224.166172,337,18.889514
224.166172,337,19.19356
224.166172,337,19.48877
224.166172,337,19.793597
224.166172,337,20.102963
224.166172,337,20.424732
224.166172,337,20.724998
224.166172,337,21.039702
224.166172,337,21.307568
224.166172,337,21.620758
224.166172,337,22.226169
224.166172,337,22.507766
224.166172,337,22.803207
224.166172,337,23.112355
224.166172,337,23.421746
224.166172,337,23.764518
224.166172,337,24.063608
224.166172,337,24.378716
224.166172,337,24.666305
224.166172,337,25.286655
224.166172,337,25.595778
224.166172,337,25.909094
224.166172,337,26.213921
224.166172,337,26.528428
224.166172,337,26.821644
224.166172,337,27.111867
224.166172,337,27.432354
224.166172,337,27.729728
224.166172,337,28.047385
224.166172,337,28.697289
224.166172,337,29.001564
224.166172,337,29.283119
224.166172,337,29.626219
224.166172,337,29.88598
224.166172,337,30.208019
224.166172,337,30.51102
224.166172,337,30.798435
224.166172,337,31.102779
224.166172,337,31.711163
224.166172,337,31.988737
224.166172,337,32.271062
224.166172,337,32.596652
224.166172,337,32.904294
224.166172,337,33.224672
224.166172,337,33.544643
224.166172,337,33.860054
224.166172,337,34.156622
224.166172,337,34.757547
224.166172,337,35.101555
224.166172,337,35.413665
224.166172,337,35.732498
224.166172,337,36.059349
224.166172,337,36.347669
224.166172,337,36.621238
224.166172,337,36.906474
224.166172,337,37.182763
224.166172,337,37.475737
224.166172,337,38.129241
224.166172,337,38.444398
224.166172,337,38.707527
224.166172,337,39.00571
224.166172,337,39.32685
224.166172,337,39.598126
224.166172,337,39.870399
224.166172,337,40.17259
224.166172,337,40.428905
224.166172,337,41.011163
224.166172,337,41.31218
224.166172,337,41.625318
224.166172,337,41.906886
224.166172,337,42.226239
224.166172,337,42.489492
224.166172,337,42.785634
224.166172,337,43.103909
224.166172,337,43.380355
224.166172,337,43.69593
224.166172,337,44.296245
224.166172,337,44.603615
224.166172,337,44.88635
224.166172,337,45.18145
224.166172,337,45.449078
224.166172,337,45.736284
224.166172,337,46.004983
224.166172,337,46.306285
224.166172,337,46.631778
224.166172,337,47.250989
224.166172,337,47.557723
224.166172,337,47.822129
224.166172,337,48.105846
224.166172,337,48.38413
224.166172,337,48.703249
224.166172,337,48.994666
224.166172,337,49.313279
224.166172,337,49.60744
224.166172,337,50.226084
224.166172,337,50.515738
224.166172,337,50.81442
224.166172,337,51.117406
224.166172,337,51.42492
224.166172,337,51.735308
224.166172,337,52.024433
224.166172,337,52.290686
224.166172,337,52.57595
224.166172,337,52.847233
224.166172,337,53.443417
224.166172,337,53.775628
224.166172,337,54.072843
224.166172,337,54.3519
224.166172,337,54.674084
224.166172,337,54.963765
224.166172,337,55.280414
224.166172,337,55.601176
224.166172,337,55.927351
224.166172,337,56.518488
224.166172,337,56.8408
224.166172,337,57.164716
224.166172,337,57.491467
224.166172,337,57.80864
224.166172,337,58.152929
224.166172,337,58.479246
224.166172,337,58.798393
224.166172,337,59.096635
224.166172,337,59.422766
224.166172,337,60.027127
224.166172,337,60.330928
224.166172,337,60.631599
224.166172,337,60.946841
224.166172,337,61.229365
224.166172,337,61.537814
224.166172,337,61.832936
224.166172,337,62.133962
224.166172,337,62.43079
224.166172,337,63.018219
224.166172,337,63.347748
224.166172,337,63.639853
224.166172,337,63.959826
224.166172,337,64.267267
224.166172,337,64.579402
224.166172,337,64.938259
224.166172,337,65.237447
224.166172,337,65.535954
224.166172,337,66.157614
224.166172,337,66.437864
224.166172,337,66.757712
224.166172,337,67.052261
224.166172,337,67.403291
224.166172,337,67.691125
224.166172,337,68.009495
224.166172,337,68.306458
224.166172,337,68.627352
224.166172,337,68.912159
224.166172,337,69.583218
224.166172,337,69.897361
224.166172,337,70.194662
224.166172,337,70.502772
224.166172,337,70.803948
224.166172,337,71.120998
224.166172,337,71.405167
224.166172,337,71.735265
224.166172,337,72.056472
224.166172,337,72.690392
224.166172,337,72.992928
224.166172,337,73.303096
224.166172,337,73.602327
224.166172,337,73.883603
224.166172,337,74.173799
224.166172,337,74.449064
224.166172,337,74.748263
224.166172,337,75.048369
224.166172,337,75.337451
224.166172,337,75.965954
224.166172,337,76.289394
224.166172,337,76.573985
224.166172,337,76.836283
224.166172,337,77.10857
224.166172,337,77.376838
224.166172,337,77.660772
224.166172,337,77.957593
224.166172,337,78.237924
224.166172,337,78.86295
224.166172,337,79.153173
224.166172,337,79.440406
224.166172,337,79.737579
224.166172,337,80.054835
224.166172,337,80.322127
224.166172,337,80.62234
224.166172,337,80.914807
224.166172,337,81.220892
224.166172,337,81.850788
224.166172,337,82.159964
224.166172,337,82.459156
224.166172,337,82.764339
224.166172,337,83.086478
224.166172,337,83.408817
224.166172,337,83.7061
224.166172,337,84.038229
224.166172,337,84.322907
224.166172,337,84.593185
224.166172,337,85.223662
224.166172,337,85.541982
224.166172,337,85.879843
224.166172,337,86.178665
224.166172,337,86.482152
224.166172,337,86.81617
224.166172,337,87.128893
224.166172,337,87.410132
224.166172,337,87.697415
224.166172,337,88.294818
224.166172,337,88.601161
224.166172,337,88.905826
224.166172,337,89.198
224.166172,337,89.464395
224.166172,337,89.759607
224.166172,337,90.068386
224.166172,337,90.364048
224.166172,337,90.649038
224.166172,337,90.962524
224.166172,337,91.567866
224.166172,337,91.873597
224.166172,337,92.193985
224.166172,337,92.498252
224.166172,337,92.843812
224.166172,337,93.124251
224.166172,337,93.436349
224.166172,337,93.747893
224.166172,337,94.122355
224.166172,337,94.744888
224.166172,337,95.014383
224.166172,337,95.308596
224.166172,337,95.619765
224.166172,337,95.945892
224.166172,337,96.251043
224.166172,337,96.548287
224.166172,337,96.831396
224.166172,337,97.122654
224.166172,337,97.727195
224.166172,337,98.043948
224.166172,337,98.355404
224.166172,337,98.635622
224.166172,337,98.952861
224.166172,337,99.251028
224.166172,337,99.544226
224.166172,337,99.817732
224.166172,337,100.096985
224.166172,337,100.383233
224.166172,337,100.976689
224.166172,337,101.281093
224.166172,337,101.586487
224.166172,337,101.875632
224.166172,337,102.188075
224.166172,337,102.488789
224.166172,337,102.758068
224.166172,337,103.042308
224.166172,337,103.335146
224.166172,337,103.965526
224.166172,337,104.26822
224.166172,337,104.582093
224.166172,337,104.903852
224.166172,337,105.198266
224.166172,337,105.505565
224.166172,337,105.819597
224.166172,337,106.146844
224.166172,337,106.430175
224.166172,337,106.729133
224.166172,337,107.314582
224.166172,337,107.606412
224.166172,337,107.906475
224.166172,337,108.225758
224.166172,337,108.504033
224.166172,337,108.762342
224.166172,337,109.075505
224.166172,337,109.387697
224.166172,337,109.665927
224.166172,337,110.274326
224.166172,337,110.568378
224.166172,337,110.865501
224.166172,337,111.187161
224.166172,337,111.480815
224.166172,337,111.806929
224.166172,337,112.1291
224.166172,337,112.440259
224.166172,337,112.743027
224.166172,337,113.334817
224.166172,337,113.670661
224.166172,337,113.954801
224.166172,337,114.254998
224.166172,337,114.544718
224.166172,337,114.858713
224.166172,337,115.158827
224.166172,337,115.475993
224.166172,337,115.763933
224.166172,337,116.094832
224.166172,337,116.707354
224.166172,337,116.989758
224.166172,337,117.283306
224.166172,337,117.575351
224.166172,337,117.889621
224.166172,337,118.217289
224.166172,337,118.522081
224.166172,337,118.831648
224.166172,337,119.135835
224.166172,337,119.766056
224.166172,337,120.097279
224.166172,337,120.389712
224.166172,337,120.708854
224.166172,337,121.010201
224.166172,337,121.342128
224.166172,337,121.63203
224.166172,337,121.975151
224.166172,337,122.298839
224.166172,337,122.926024
224.166172,337,123.223166
224.166172,337,123.521978
224.166172,337,123.841669
224.166172,337,124.19127
224.166172,337,124.501049
224.166172,337,124.824894
224.166172,337,125.124519
224.166172,337,125.416835
224.166172,337,125.715006
224.166172,337,126.315274
224.166172,337,126.603526
224.166172,337,126.902724
224.166172,337,127.215887
224.166172,337,127.507179
224.166172,337,127.814343
224.166172,337,128.127584
224.166172,337,128.406192
224.166172,337,128.715122
224.166172,337,129.362007
224.166172,337,129.679797
224.166172,337,129.954074
224.166172,337,130.24631
224.166172,337,130.540806
224.166172,337,130.83445
224.166172,337,131.118691
224.166172,337,131.475071
224.166172,337,131.797923
224.166172,337,132.120609
224.166172,337,132.735938
224.166172,337,133.014199
224.166172,337,133.289484
224.166172,337,133.562727
224.166172,337,133.856941
224.166172,337,134.160766
224.166172,337,134.456654
224.166172,337,134.771486
224.166172,337,135.034555
224.166172,337,135.676008
224.166172,337,135.983734
224.166172,337,136.324983
224.166172,337,136.621423
224.166172,337,136.948569
224.166172,337,137.279742
224.166172,337,137.604017
224.166172,337,137.903255
224.166172,337,138.236346
224.166172,337,138.957475
224.166172,337,139.27352
224.166172,337,139.564789
224.166172,337,139.840053
224.166172,337,140.156359
224.166172,337,140.428592
224.166172,337,140.712173
224.166172,337,141.032669
224.166172,337,141.363001
224.166172,337,141.69038
224.166172,337,142.344091
224.166172,337,142.647477
224.166172,337,142.965148
224.166172,337,143.290658
224.166172,337,143.58088
224.166172,337,143.863678
224.166172,337,144.142931
224.166172,337,144.410217
224.166172,337,144.71278
224.166172,337,145.366601
224.166172,337,145.696718
224.166172,337,145.99192
224.166172,337,146.272119
224.166172,337,146.631277
224.166172,337,146.933204
224.166172,337,147.254346
224.166172,337,147.578511
224.166172,337,147.883608
224.166172,337,148.202926
224.166172,337,148.874823
224.166172,337,149.216415
224.166172,337,149.497595
224.166172,337,149.825716
224.166172,337,150.082032
224.166172,337,150.361285
224.166172,337,150.630594
224.166172,337,150.926773
224.166172,337,151.22622
224.166172,337,151.809091
224.166172,337,152.109084
224.166172,337,152.423759
224.166172,337,152.742126
224.166172,337,153.023033
224.166172,337,153.328218
224.166172,337,153.610906
224.166172,337,153.927927
224.166172,337,154.221335
224.166172,337,154.876976
224.166172,337,155.213254
224.166172,337,155.542347
224.166172,337,155.89242
224.166172,337,156.207793
224.166172,337,156.531977
224.166172,337,156.863628
224.166172,337,157.175864
224.166172,337,157.473937
224.166172,337,157.766181
224.166172,337,158.389308
224.166172,337,158.68156
224.166172,337,159.000617
224.166172,337,159.296155
224.166172,337,159.602444
224.166172,337,159.923322
224.166172,337,160.192492
224.166172,337,160.490019
224.166172,337,160.798139
224.166172,337,161.409636
224.166172,337,161.702506
224.166172,337,162.021081
224.166172,337,162.35797
224.166172,337,162.644145
224.166172,337,162.979247
224.166172,337,163.288423
224.166172,337,163.663435
224.166172,337,163.969629
224.166172,337,164.265775
224.166172,337,164.882166
224.166172,337,165.198861
224.166172,337,165.632705
224.166172,337,166.006702
224.166172,337,166.324851
224.166172,337,166.745726
224.166172,337,167.011017
224.166172,337,167.294259
224.166172,337,167.606425
224.166172,337,168.225769
224.166172,337,168.557881
224.166172,337,168.840128
224.166172,337,169.139326
224.166172,337,169.417582
224.166172,337,169.702819
224.166172,337,170.026953
224.166172,337,170.292155
224.166172,337,170.55548
224.166172,337,171.151862
224.166172,337,171.466116
224.166172,337,171.73808
224.166172,337,172.032455
224.166172,337,172.348051
224.166172,337,172.657467
224.166172,337,172.969362
224.166172,337,173.256099
224.166172,337,173.570436
224.166172,337,173.876623
224.166172,337,174.503257
224.166172,337,174.825015
224.166172,337,175.164245
224.166172,337,175.459257
224.166172,337,175.780902
224.166172,337,176.100341
224.166172,337,176.414254
224.166172,337,176.702813
224.166172,337,177.025925
224.166172,337,177.684212
224.166172,337,178.002933
224.166172,337,178.313771
224.166172,337,178.598194
224.166172,337,178.930424
224.166172,337,179.237899
224.166172,337,179.533195
224.166172,337,179.845554
224.166172,337,180.181899
224.166172,337,180.446335
224.166172,337,181.062506
224.166172,337,181.381736
224.166172,337,181.717831
224.166172,337,182.03343
224.166172,337,182.356217
224.166172,337,182.658871
224.166172,337,182.963675
224.166172,337,183.261449
224.166172,337,183.545573
224.166172,337,184.155424
224.166172,337,184.456684
224.166172,337,184.769772
224.166172,337,185.076427
224.166172,337,185.370646
224.166172,337,185.667636
224.166172,337,185.938607
224.166172,337,186.21689
224.166172,337,186.552696
224.166172,337,187.194468
224.166172,337,187.530278
224.166172,337,187.83295
224.166172,337,188.191839
224.166172,337,188.494839
224.166172,337,188.816707
224.166172,337,189.117597
224.166172,337,189.448261
224.166172,337,189.750106
224.166172,337,190.05529
224.166172,337,190.705147
224.166172,337,191.001684
224.166172,337,191.305672
224.166172,337,191.612214
224.166172,337,191.90182
224.166172,337,192.207891
224.166172,337,192.520709
224.166172,337,192.827499
224.166172,337,193.162713
224.166172,337,193.789473
224.166172,337,194.093793
224.166172,337,194.382505
224.166172,337,194.643805
224.166172,337,194.907102
224.166172,337,195.181368
224.166172,337,195.470623
224.166172,337,195.780338
224.166172,337,196.086376
224.166172,337,196.427575
224.166172,337,197.067051
224.166172,337,197.350584
224.166172,337,197.675444
224.166172,337,197.993449
224.166172,337,198.332284
224.166172,337,198.634654
224.166172,337,198.945657
224.166172,337,199.230932
224.166172,337,199.532531
224.166172,337,200.125797
224.166172,337,200.451899
224.166172,337,200.727189
224.166172,337,201.052546
224.166172,337,201.34635
224.166172,337,201.647513
224.166172,337,201.941938
224.166172,337,202.239571
224.166172,337,202.528798
224.166172,337,203.119031
224.166172,337,203.401121
224.166172,337,203.685659
224.166172,337,203.983383
224.166172,337,204.300536
224.166172,337,204.584713
224.166172,337,204.857954
224.166172,337,205.184669
224.166172,337,205.486313
224.166172,337,205.801617
224.166172,337,206.417708
224.166172,337,206.710262
224.166172,337,207.071278
224.166172,337,207.364975
224.166172,337,207.676664
224.166172,337,207.96194
224.166172,337,208.307074
224.166172,337,208.628237
224.166172,337,208.983307
224.166172,337,209.577717
224.166172,337,209.87794
224.166172,337,210.210636
224.166172,337,210.539745
224.166172,337,210.827405
224.166172,337,211.114295
224.166172,337,211.444286
224.166172,337,211.747744
224.166172,337,212.0562
224.166172,337,212.351033
224.166172,337,212.960361
224.166172,337,213.238521
224.166172,337,213.530337
224.166172,337,213.851967
224.166172,337,214.166788
224.166172,337,214.477956
224.166172,337,214.746223
224.166172,337,215.033755
224.166172,337,215.291131
224.166172,337,215.905984
224.166172,337,216.217338
224.166172,337,216.531385
224.166172,337,216.818931
224.166172,337,217.081259
224.166172,337,217.345523
224.166172,337,217.641751
224.166172,337,217.976862
224.166172,337,218.266517
224.166172,337,218.875889
224.166172,337,219.14719
224.166172,337,219.441262
224.166172,337,219.747067
224.166172,337,220.05376
224.166172,337,220.352958
224.166172,337,220.678787
224.166172,337,220.976008
224.166172,337,221.259802
224.166172,337,221.559405
224.166172,337,222.137953
224.166172,337,222.442176
224.166172,337,222.756346
224.166172,337,223.059068
224.166172,337,223.356007
224.166172,337,223.617283
224.166172,337,223.931427
224.166172,337,224.247625
224.166172,337,224.582606
224.166172,337,225.185413
224.166172,337,225.50288
224.166172,337,225.808805
224.166172,337,226.145912
224.166172,337,226.478375
224.166172,337,226.802124
224.166172,337,227.141218
224.166172,337,227.444761
224.166172,337,227.738075
224.166172,337,228.02059
224.166172,337,228.64312
224.166172,337,228.976453
224.166172,337,229.275628
224.166172,337,229.556867
224.166172,337,229.87087
224.166172,337,230.188181
224.166172,337,230.528526
224.166172,337,230.835454
224.166172,337,231.128987
224.166172,337,231.747245
224.166172,337,232.05372
224.166172,337,232.354841
224.166172,337,232.687976
224.166172,337,233.017884
224.166172,337,233.332085
224.166172,337,233.609004
224.166172,337,233.867328
224.166172,337,234.12662
224.166172,337,234.781948
224.166172,337,235.083686
224.166172,337,235.398499
224.166172,337,235.692154
224.166172,337,235.978187
224.166172,337,236.300795
224.166172,337,236.642213
224.166172,337,236.954796
224.166172,337,237.268733
224.166172,337,237.594861
224.166172,337,238.205997
224.166172,337,238.528674
224.166172,337,238.840749
224.166172,337,239.161266
224.166172,337,239.468784
224.166172,337,239.77063
224.166172,337,240.105291
224.166172,337,240.433473
224.166172,337,240.749843
224.166172,337,241.417398
224.166172,337,241.732587
224.166172,337,242.035492
224.166172,337,242.327711
224.166172,337,242.638743
224.166172,337,242.93495
224.166172,337,243.239008
224.166172,337,243.538525
224.166172,337,243.8228
224.166172,337,244.437128
224.166172,337,244.754159
224.166172,337,245.062338
224.166172,337,245.420177
224.166172,337,245.729355
224.166172,337,246.025627
224.166172,337,246.304877
224.166172,337,246.633576
224.166172,337,246.925592
224.166172,337,247.246737
224.166172,337,247.876702
224.166172,337,248.208103
224.166172,337,248.533173
224.166172,337,248.812963
224.166172,337,249.120084
224.166172,337,249.4175
224.166172,337,249.726053
224.166172,337,250.039734
224.166172,337,250.372897
224.166172,337,250.984388
224.166172,337,251.276378
224.166172,337,251.557635
224.166172,337,251.840205
224.166172,337,252.124444
224.166172,337,252.440644
224.166172,337,252.777169
224.166172,337,253.085263
224.166172,337,253.38062
224.166172,337,253.696841
224.166172,337,254.322995
224.166172,337,254.598887
224.166172,337,254.912747
224.166172,337,255.21637
224.166172,337,255.518887
224.166172,337,255.788926
224.166172,337,256.085878
224.166172,337,256.377528
224.166172,337,256.713793
224.166172,337,257.315117
224.166172,337,257.633294
224.166172,337,257.937625
224.166172,337,258.270085
224.166172,337,258.594481
224.166172,337,258.890617
224.166172,337,259.19352
224.166172,337,259.495075
224.166172,337,259.80049
224.166172,337,260.435459
224.166172,337,260.762377
224.166172,337,261.07393
224.166172,337,261.395475
224.166172,337,261.726351
224.166172,337,262.008502
224.166172,337,262.309225
224.166172,337,262.657196
224.166172,337,263.003411
224.166172,337,263.29164
224.166172,337,263.903823
224.166172,337,264.212357
224.166172,337,264.554164
224.166172,337,264.864709
224.166172,337,265.191939
224.166172,337,265.521067
224.166172,337,265.845258
224.166172,337,266.159135
224.166172,337,266.455133
224.166172,337,267.07647
224.166172,337,267.381654
224.166172,337,267.670468
224.166172,337,268.00518
224.166172,337,268.292378
224.166172,337,268.614504
224.166172,337,268.925402
224.166172,337,269.200404
224.166172,337,269.497773
224.166172,337,269.805215
224.166172,337,270.445724
224.166172,337,270.738928
224.166172,337,271.065252
224.166172,337,271.39029
224.166172,337,271.649901
224.166172,337,271.940131
224.166172,337,272.219379
224.166172,337,272.503036
224.166172,337,272.832725
224.166172,337,273.458575
224.166172,337,273.748557
224.166172,337,274.031131
224.166172,337,274.364034
224.166172,337,274.698535
224.166172,337,275.022357
224.166172,337,275.318192
224.166172,337,275.602293
224.166172,337,275.854625
224.166172,337,276.441044
224.166172,337,276.77052
224.166172,337,277.075703
224.166172,337,277.366501
224.166172,337,277.671078
224.166172,337,278.01072
224.166172,337,278.316516
224.180064,337,278.632868
224.166172,337,278.95567
224.166172,337,279.240936
224.171038,337,279.867133
224.166172,337,280.171939
224.23951,337,280.471459
224.166172,337,280.768142
224.166172,337,281.091304
224.166172,337,281.403231
224.166172,337,281.726121
224.166172,337,282.025136
224.166172,337,282.378744
224.172694,337,282.998154
224.166172,337,283.303747
224.166172,337,283.59494
224.166172,337,283.905316
224.166172,337,284.178386
224.166172,337,284.467995
224.166172,337,284.767496
224.166172,337,285.081565
224.166172,337,285.420588
224.166172,337,285.733951
224.166172,337,286.350342
224.166172,337,286.666509
224.166172,337,286.973693
224.166172,337,287.285839
224.166172,337,287.609011
224.166172,337,287.930512
224.166172,337,288.220055
224.166172,337,288.519557
224.166172,337,288.812757
224.166172,337,289.430104
224.166172,337,289.729913
224.166172,337,290.017586
224.166172,337,290.325081
224.166172,337,290.641341
224.166172,337,290.916824
224.166172,337,291.215035
224.166172,337,291.49426
224.166172,337,291.765539
224.166172,337,292.444835
224.166172,337,292.754589
224.166172,337,293.067177
224.166172,337,293.354409
224.166172,337,293.650068
224.166172,337,293.949335
224.166172,337,294.272482
224.166172,337,294.571691
224.166172,337,294.867245
224.166172,337,295.189096
224.166172,337,295.812354
224.166172,337,296.113613
224.166979,337,296.419667
224.166172,337,296.694931
224.166172,337,296.997791
224.166172,337,297.266074
224.166172,337,297.554304
224.166172,337,297.828571
224.166172,337,298.125775
224.166172,337,298.729571
224.166172,337,299.02452
224.166172,337,299.310635
224.166172,337,299.601086
224.166172,337,299.894137
224.166172,337,300.208347
224.166172,337,300.507547
224.166172,337,300.825276
224.166172,337,301.128413
224.166172,337,301.420631
224.166172,337,302.067664
224.166172,337,302.347897
224.166172,337,302.636127
224.166172,337,302.906424
224.166172,337,303.195935
224.166172,337,303.494123
224.166172,337,303.809281
224.166172,337,304.132486
224.166172,337,304.449464
224.166172,337,305.06222
224.166172,337,305.359533
224.166172,337,305.668478
224.166172,337,305.972841
224.166172,337,306.28535
224.166172,337,306.616428
224.166172,337,306.939601
224.166172,337,307.220819
224.166172,337,307.521054
224.166172,337,308.117368
224.191405,337,308.429918
224.166172,337,308.743711
224.166172,337,309.040673
224.166172,337,309.339997
224.23797,337,309.637504
224.166172,337,309.936368
224.166172,337,310.237401
224.166172,337,310.54444
224.166172,337,310.856705
224.166172,337,311.529541
224.166274,337,311.826802
224.166172,337,312.118018
224.166172,337,312.440283
224.166172,337,312.732145
224.166172,337,313.047137
224.198306,337,313.352174
224.166172,337,313.647151
224.166172,337,313.931391
224.178178,337,314.557236
224.166172,337,314.908693
224.166172,337,315.215562
224.166172,337,315.564464
224.173697,337,315.867625
224.166172,337,316.169223
224.166172,337,316.459918
224.166172,337,316.82078
224.166172,337,317.145546
224.166172,337,317.455292
224.166172,337,318.099579
224.166172,337,318.420177
224.166172,337,318.725353
224.166172,337,319.00498
224.166172,337,319.346642
224.166172,337,319.658952
224.166172,337,319.953521
224.166172,337,320.261995
224.166172,337,320.578415
224.166172,337,321.188563
224.166172,337,321.494487
224.166172,337,321.827241
224.166172,337,322.144211
224.166172,337,322.432977
224.166172,337,322.748237
224.166172,337,323.032972
224.166172,337,323.342417
224.166172,337,323.645869
224.166172,337,324.279855
224.166172,337,324.58014
224.166172,337,324.894418
224.166172,337,325.170591
224.166172,337,325.456889
224.166172,337,325.725144
224.166172,337,326.004783
224.166172,337,326.314809
224.166172,337,326.622117
224.166172,337,326.933319
224.166172,337,327.543181
224.166172,337,327.835682
224.166172,337,328.136675
224.166172,337,328.422899
224.166172,337,328.719882
224.201978,337,329.030054
224.166622,337,329.345735
224.173069,337,329.653222
224.36654,337,329.937386
224.230008,337,330.559945
224.166172,337,330.860143
224.166172,337,331.165915
224.166172,337,331.483965
224.166569,337,331.816078
224.241666,337,332.136909
224.166172,337,332.433062
224.166172,337,332.706359
224.166172,337,332.997488
224.166172,337,333.312731
224.166172,337,333.909121
224.166172,337,334.203859
224.166172,337,334.496551
224.174653,337,334.799053
224.166172,337,335.100801
224.166172,337,335.418859
224.166172,337,335.737668
224.166172,337,336.057603
224.166172,337,336.339237
224.166172,337,337.035943
224.166172,337,337.325148
224.166172,337,337.625462
224.166172,337,337.939989
224.166172,337,338.232473
224.166172,337,338.5579
224.166172,337,338.863548
224.166172,337,339.177505
224.166172,337,339.510504
224.166172,337,340.17221
224.166172,337,340.474236
224.166172,337,340.757899
224.166172,337,341.07032
224.166172,337,341.354383
224.166172,337,341.651638
224.166172,337,341.965523
224.166172,337,342.29565
224.166172,337,342.57376
224.166172,337,342.899724
224.166172,337,343.578596
224.166172,337,343.886906
224.226673,337,344.220926
224.166172,337,344.515559
224.176355,337,344.853762
224.166172,337,345.144584
224.174131,337,345.448638
224.166172,337,345.721383
224.166172,337,345.993682
224.166172,337,346.568119
224.166172,337,346.869483
224.166172,337,347.141726
224.166172,337,347.438931
224.166172,337,347.732148
224.166172,337,348.000334
224.166172,337,348.28244
224.166172,337,348.564142
224.212177,337,348.851015
224.166172,337,349.145201
224.166172,337,349.905375
224.166172,337,350.22753
224.166172,337,350.509774
224.351083,337,350.856845
224.415787,337,351.152853
224.166172,337,351.462073
224.287212,337,351.78471
224.210914,337,352.088969
224.34197,337,352.397965
224.274498,337,353.032041
224.427132,337,353.316597
224.307464,337,353.611836
224.32409,337,353.912033
224.166172,337,354.209238
224.377472,337,354.51883
224.270158,337,354.819703
224.185142,337,355.140269
224.166172,337,355.480189
224.166172,337,356.137017
224.304309,337,356.435802
224.251684,337,356.739077
224.180134,337,357.063183
224.186704,337,357.369478
224.165736,337,357.686503
224.166172,337,357.973892
224.166172,337,358.303127
224.166172,337,358.602335
224.166172,337,358.917507
224.166172,337,359.515669
224.166172,337,359.795029
224.180941,337,360.096902
224.425556,337,360.404687
224.166172,337,360.745757
224.166172,337,361.093594
224.166172,337,361.394398
224.166172,337,361.733121
224.551823,337,362.040776
224.166172,337,362.676185
224.166172,337,362.980715
224.439001,337,363.273333
224.169249,337,363.599715
224.257949,337,363.923678
224.481399,337,364.249381
224.572904,337,364.538625
224.166172,337,364.852173
224.254899,337,365.155781
224.295867,337,365.747508
224.173159,337,366.069659
224.34013,337,366.355511
224.381987,337,366.705595
225.194322,337,367.059844
225.090725,337,367.356256
224.531485,337,367.666614
225.194297,337,367.981455
225.459235,337,368.291909
225.585949,337,368.572875
226.754953,337,369.190214
226.542376,337,369.503383
225.468505,337,369.816073
226.423832,337,370.10015
225.736385,337,370.416276
225.534544,337,370.717481
228.427726,337,371.019984
226.593637,337,371.333415
229.757753,337,371.674356
228.834144,337,372.261616
232.557592,337,372.609019
232.92692,337,372.882017
237.680818,337,373.201562
240.498872,337,373.498485
241.34316,337,373.826273
246.992582,337,374.139457
248.010278,337,374.421215
252.085796,337,374.733338
252.969534,337,375.069801
259.166588,337,375.70073
250.199652,337,376.039641
255.247084,337,376.362633
260.392934,337,376.656845
257.805766,337,377.001337
262.185956,337,377.31261
266.19305,337,377.617804
274.307774,337,377.916122
275.42199,337,378.211092
270.165492,337,378.837945
268.635636,337,379.145226
273.409481,337,379.425477
275.127045,337,379.768471
285.021268,337,380.110589
282.902341,337,380.414849
284.378153,337,380.746907
288.590994,337,381.045089
284.229975,337,381.353219
285.878416,337,381.985706
289.360028,337,382.305484
290.664151,337,382.626097
291.730459,337,382.89039
296.777986,337,383.176383
289.874227,337,383.450677
294.488332,337,383.760571
293.452897,337,384.083279
293.23558,337,384.386469
292.237069,337,384.664725
291.192216,337,385.275348
295.646892,337,385.582987
298.532083,337,385.866587
296.040255,337,386.192827
295.778,337,386.499888
298.356389,337,386.811177
301.80123,337,387.123827
295.505939,337,387.42751
299.465748,337,387.748492
296.995954,337,388.362762
300.510407,337,388.648027
296.6787,337,388.966149
298.464388,337,389.339386
299.16957,337,389.625901
300.086443,337,389.929456
298.59597,337,390.256128
304.508026,337,390.548347
304.364081,337,390.841746
306.349622,337,391.187752
304.137006,337,391.793152
304.553968,337,392.131359
304.218994,337,392.42258
302.225285,337,392.703828
303.274062,337,392.996047
303.854863,337,393.29476
303.930001,337,393.587933
304.296262,337,393.864966
302.536015,337,394.120256
307.237449,337,394.741635
305.96938,337,395.052791
305.197958,337,395.370806
303.710147,337,395.674353
303.160993,337,395.962795
304.130723,337,396.259425
304.429112,337,396.535236
304.146577,337,396.816481
306.327992,337,397.145196
307.013673,337,397.744386
307.42844,337,398.043257
305.359511,337,398.336211
308.696948,337,398.624619
306.485788,337,398.943582
305.614087,337,399.249256
306.91955,337,399.560463
305.391714,337,399.864914
306.180835,337,400.192238
304.931996,337,400.476197
306.973237,337,401.113498
306.772555,337,401.401924
307.593114,337,401.692245
306.23956,337,401.992288
306.686341,337,402.293566
306.362075,337,402.574645
306.902388,337,402.857964
305.379196,337,403.151612
307.185754,337,403.425869
306.004221,337,404.035212
306.060561,337,404.364316
304.778664,337,404.678455
304.921385,337,404.980819
305.420048,337,405.304085
307.351242,337,405.610299
305.6193,337,405.935077
305.968447,337,406.225543
305.138152,337,406.520137
305.712791,337,406.839963
305.595946,337,407.490975
304.472787,337,407.830778
305.185582,337,408.114008
305.333051,337,408.404875
305.246201,337,408.725052
306.0534,337,409.103277
305.686374,337,409.421747
306.727554,337,409.724995
305.400177,337,410.025725
306.76336,337,410.653254
307.459432,337,410.946584
306.801818,337,411.257795
307.696578,337,411.607345
306.418166,337,411.92013
306.837318,337,412.250248
306.763388,337,412.580332
305.618377,337,412.8825
306.306364,337,413.197657
307.83633,337,413.765141
306.561071,337,414.056739
307.486003,337,414.363052
307.346673,337,414.663197
308.103538,337,414.982172
306.544449,337,415.292341
307.465664,337,415.58041
308.964557,337,415.874769
307.196185,337,416.171947
307.173924,337,416.457725
306.910377,337,417.123367
308.336277,337,417.441587
307.47731,337,417.74748
307.290345,337,418.062839
307.931978,337,418.406958
307.469426,337,418.717005
307.326971,337,419.044534
306.829053,337,419.365631
308.043817,337,419.662477
306.899345,337,420.303374
307.816206,337,420.605004
307.490485,337,420.910595
307.199455,337,421.209294
307.39374,337,421.530442
307.464746,337,421.821858
307.480062,337,422.163743
308.624446,337,422.438009
308.063752,337,422.691363
307.920614,337,422.963604
308.108883,337,423.646797
307.61399,337,423.938443
307.27972,337,424.262374
308.136855,337,424.55465
307.392792,337,424.8557
308.110938,337,425.177243
307.834055,337,425.500407
307.918341,337,425.794436
307.87031,337,426.079365
307.950386,337,426.737007
307.473044,337,427.051206
307.580008,337,427.381923
307.723977,337,427.681051
307.408669,337,427.972623
307.273324,337,428.241254
308.410561,337,428.516518
307.799754,337,428.823698
307.376373,337,429.144911
307.637247,337,429.814736
308.559055,337,430.116448
307.625919,337,430.44076
307.166551,337,430.75169
306.784918,337,431.053064
308.343377,337,431.361538
307.400053,337,431.652729
308.101745,337,431.956916
307.397248,337,432.214256
306.881117,337,432.518216
306.892748,337,433.138275
306.815271,337,433.470057
306.554146,337,433.747314
307.75466,337,434.054521
307.10524,337,434.362542
306.897648,337,434.687673
307.690359,337,435.015895
307.403617,337,435.350146
306.179977,337,435.645918
306.196748,337,436.26353
305.734671,337,436.570972
306.211133,337,436.892105
305.726467,337,437.189678
304.971545,337,437.504776
306.046851,337,437.793623
305.11111,337,438.088997
304.868819,337,438.375623
305.72623,337,438.64989
305.23782,337,438.951084
305.025547,337,439.542954
306.172328,337,439.860043
305.290883,337,440.143286
305.551652,337,440.457446
305.592744,337,440.762165
305.754566,337,441.051493
306.53461,337,441.352496
305.593176,337,441.634752
305.852346,337,441.928981
306.706187,337,442.531328
306.92213,337,442.842496
307.210566,337,443.149044
306.652523,337,443.485925
307.089634,337,443.774156
307.315633,337,444.076156
306.720562,337,444.363904
307.124102,337,444.686471
306.435323,337,444.992548
306.327776,337,445.649603
305.915752,337,445.973526
306.476354,337,446.29214
306.352875,337,446.582363
305.859092,337,446.905501
307.717946,337,447.191763
306.341826,337,447.512236
307.380069,337,447.794451
306.432774,337,448.095645
308.1213,337,448.386938
306.741149,337,448.981665
307.640864,337,449.28656
307.188832,337,449.598486
307.215127,337,449.889599
307.599445,337,450.178104
307.253275,337,450.492284
306.23918,337,450.783527
306.5864,337,451.091244
306.852408,337,451.395707
306.439431,337,451.990083
306.93266,337,452.290334
307.204759,337,452.602819
307.349892,337,452.896782
306.5259,337,453.217882
306.735695,337,453.572965
306.729165,337,453.833909
306.927021,337,454.111141
306.620113,337,454.38544
306.944536,337,454.675157
306.597659,337,455.272037
306.427162,337,455.628417
306.602521,337,455.926574
308.218024,337,456.215525
306.981566,337,456.511748
306.775945,337,456.830106
306.73569,337,457.130266
306.696423,337,457.451473
307.156166,337,457.775626
306.492809,337,458.423319
307.288376,337,458.705255
307.615932,337,458.997473
307.247089,337,459.28332
307.686181,337,459.609752
306.908814,337,459.923085
306.740617,337,460.233155
306.989493,337,460.546206
307.79178,337,460.847779
307.325645,337,461.468206
306.843268,337,461.749797
307.704094,337,462.026557
307.792916,337,462.327978
308.536423,337,462.605236
307.70252,337,462.889503
307.57621,337,463.193646
308.473893,337,463.524345
308.217517,337,463.840864
308.298281,337,464.149414
307.981313,337,464.743945
307.233899,337,465.055393
308.305445,337,465.36884
307.527797,337,465.637085
307.271635,337,465.945288
307.764379,337,466.247999
308.053535,337,466.586105
308.055232,337,466.880842
307.437191,337,467.170654
307.377912,337,467.814895
307.581496,337,468.169976
308.146689,337,468.483139
307.630613,337,468.763826
308.294316,337,469.043035
307.052653,337,469.341857
306.963694,337,469.630794
307.98892,337,469.930575
306.470666,337,470.217581
307.315911,337,470.527749
307.298481,337,471.155731
306.906832,337,471.463881
307.595182,337,471.800123
306.944016,337,472.152909
307.272277,337,472.484346
306.624559,337,472.782869
307.214767,337,473.118046
307.146425,337,473.447072
306.138216,337,473.763366
306.403309,337,474.347292
306.278892,337,474.661989
306.576317,337,474.973903
305.721283,337,475.298489
305.993956,337,475.614176
305.607172,337,475.923638
306.605173,337,476.232557
306.158904,337,476.551877
306.285511,337,476.833446
305.563252,337,477.451725
305.461045,337,477.767812
305.739195,337,478.076064
306.692744,337,478.381591
304.600632,337,478.69275
305.35742,337,478.987013
306.942549,337,479.317064
306.864023,337,479.617147
306.766934,337,479.928199
306.911571,337,480.22852
306.694899,337,480.780047
306.805685,337,481.065284
307.238693,337,481.33657
305.630314,337,481.625829
307.11151,337,481.883141
307.050294,337,482.164345
307.568415,337,482.449609
306.805122,337,482.733851
306.663277,337,482.998146
307.556263,337,483.595631
307.888957,337,483.918494
307.158192,337,484.23769
307.325581,337,484.560165
307.772383,337,484.850637
307.854433,337,485.175738
307.033986,337,485.530656
307.371978,337,485.858637
307.702399,337,486.158293
308.1391,337,486.768322
307.267929,337,487.046303
307.102467,337,487.346651
307.841325,337,487.695444
307.360173,337,488.004851
305.894127,337,488.32237
306.702352,337,488.610729
306.709366,337,488.894673
307.58486,337,489.177883
306.608865,337,489.478987
306.940051,337,490.094954
306.556767,337,490.401704
306.557391,337,490.751545
307.183393,337,491.033608
306.499029,337,491.348879
307.715132,337,491.620185
306.545114,337,491.95984
308.0187,337,492.27283
307.494572,337,492.572395
306.983022,337,493.21639
306.324831,337,493.533662
306.867783,337,493.827419
307.357536,337,494.126618
307.065138,337,494.411858
306.641639,337,494.741973
306.565485,337,495.017377
306.545675,337,495.314322
307.039323,337,495.617502
306.829244,337,495.94536
306.654592,337,496.5452
306.999808,337,496.824878
306.092476,337,497.139827
307.198767,337,497.456114
305.890903,337,497.782314
306.943125,337,498.077242
307.311702,337,498.406078
305.532604,337,498.731801
305.46449,337,499.026796
307.060708,337,499.653506
306.34208,337,499.923783
306.253353,337,500.208023
306.873166,337,500.4977
306.834029,337,500.82497
307.019465,337,501.136439
307.123496,337,501.432556
307.24844,337,501.754422
307.018373,337,502.053916
306.214685,337,502.705586
306.508263,337,502.993571
306.52787,337,503.291601
306.281791,337,503.603067
306.742132,337,503.889804
306.857997,337,504.186952
306.174199,337,504.481185
305.245206,337,504.815398
306.856685,337,505.096643
306.440133,337,505.40148
305.174002,337,506.028246
306.342089,337,506.333381
306.478014,337,506.631264
306.6596,337,506.927365
306.296093,337,507.238424
306.900797,337,507.552602
305.870399,337,507.856811
305.934802,337,508.163408
306.087025,337,508.481085
306.080641,337,509.086049
306.534033,337,509.401727
306.833192,337,509.691899
306.534402,337,510.006704
307.03036,337,510.3195
306.581119,337,510.651972
306.713728,337,510.9781
306.89078,337,511.280918
306.558353,337,511.614594
306.461638,337,511.918798
306.713516,337,512.541015
306.307608,337,512.822934
305.531872,337,513.126817
307.104252,337,513.454556
306.481567,337,513.74877
306.275846,337,514.049964
306.388574,337,514.347169
306.705462,337,514.647394
307.23236,337,514.94061
306.246095,337,515.574121
307.164292,337,515.843437
307.10906,337,516.194462
305.859309,337,516.503635
306.277482,337,516.765934
306.111415,337,517.034217
306.950281,337,517.323474
306.672907,337,517.610942
306.906425,337,517.906179
306.716801,337,518.490942
306.209425,337,518.809816
307.559951,337,519.113098
306.953965,337,519.431959
307.032109,337,519.722891
307.512806,337,520.011207
307.173473,337,520.302259
308.02225,337,520.603517
307.058858,337,520.898283
306.777623,337,521.20811
306.419712,337,521.837311
307.497423,337,522.175407
307.365029,337,522.4776
307.208295,337,522.784669
307.093127,337,523.098897
307.097483,337,523.503074
307.435563,337,523.86061
306.394199,337,524.164516
307.436358,337,524.489646
307.648184,337,525.103006
306.795052,337,525.410854
307.13413,337,525.705479
306.974545,337,526.019608
307.422707,337,526.330933
307.333276,337,526.63568
306.768772,337,526.915618
306.978313,337,527.219018
306.651901,337,527.525651
307.98294,337,527.845083
306.964049,337,528.439487
307.223731,337,528.76362
307.703929,337,529.053866
307.113245,337,529.355039
307.057766,337,529.674351
306.756103,337,529.960641
306.896902,337,530.27086
307.22412,337,530.563577
308.282923,337,530.861743
307.206019,337,531.459146
307.284319,337,531.747647
306.643324,337,532.072405
307.447212,337,532.375314
308.515247,337,532.689388
307.585052,337,533.001638
307.978914,337,533.277129
306.562856,337,533.619393
307.770987,337,533.930212
307.115623,337,534.572599
307.398739,337,534.88282
307.120473,337,535.184003
307.283477,337,535.493301
307.188677,337,535.804296
306.98121,337,536.102867
307.038708,337,536.435292
307.441951,337,536.745219
307.076765,337,537.042251
306.961692,337,537.363074
307.144154,337,538.026449
305.961008,337,538.340025
306.681771,337,538.642236
306.626131,337,538.976879
307.260055,337,539.282944
306.800627,337,539.584125
307.508755,337,539.919522
307.631116,337,540.211655
307.067601,337,540.53569
306.782973,337,541.139715
306.18414,337,541.43433
306.522978,337,541.809892
307.312491,337,542.139373
307.655243,337,542.440851
307.104245,337,542.745641
307.842675,337,543.070504
307.483532,337,543.370176
307.69776,337,543.701823
307.964508,337,544.028168
306.567858,337,544.664351
306.807569,337,544.930638
306.551187,337,545.249271
307.405849,337,545.589829
308.302645,337,545.897712
307.83076,337,546.212706
306.664786,337,546.527519
306.488097,337,546.826698
307.000919,337,547.148239
307.324055,337,547.814399
306.785589,337,548.129524
307.248386,337,548.423706
307.827272,337,548.723854
306.395275,337,549.031355
307.378978,337,549.321493
307.040079,337,549.614111
307.627065,337,549.941859
307.294004,337,550.241883
306.951099,337,550.854141
306.847318,337,551.165238
306.591813,337,551.473157
308.454402,337,551.812365
306.370026,337,552.099667
307.048697,337,552.385209
306.659034,337,552.711898
306.802097,337,553.007505
306.842215,337,553.337623
305.955404,337,553.643087
307.435141,337,554.300232
306.988665,337,554.603463
306.784532,337,554.930589
306.083388,337,555.241757
306.679825,337,555.536019
307.745398,337,555.857161
305.965731,337,556.164375
307.037057,337,556.48864
307.175262,337,556.756896
306.223718,337,557.361279
306.928973,337,557.686949
306.788416,337,557.998167
306.537598,337,558.332703
306.478586,337,558.634878
305.155557,337,558.903788
306.287865,337,559.18102
305.745745,337,559.47713
305.384818,337,559.787307
307.304307,337,560.138858
307.312216,337,560.938314
306.490053,337,561.268156
306.785742,337,561.58687
306.86071,337,561.903557
306.148125,337,562.215786
307.099206,337,562.527005
307.688468,337,562.83533
306.902769,337,563.138581
306.721441,337,563.43698
307.524712,337,564.055881
308.187857,337,564.35744
306.789171,337,564.657718
307.279141,337,564.991955
307.145157,337,565.278217
306.821456,337,565.582903
307.123982,337,565.905746
306.621865,337,566.202183
307.031472,337,566.563244
306.885733,337,567.178322
307.491504,337,567.492494
307.025559,337,567.805394
307.582645,337,568.134051
307.174069,337,568.447105
306.676929,337,568.739068
306.79267,337,569.037661
307.595255,337,569.346992
307.420019,337,569.637739
307.530271,337,569.963349
307.157494,337,570.593091
307.311945,337,570.904261
307.667886,337,571.220046
307.428914,337,571.503289
307.340193,337,571.78955
307.507241,337,572.10694
307.011202,337,572.396359
306.997382,337,572.64669
307.509783,337,572.949719
307.233367,337,573.589032
307.860512,337,573.951788
307.117086,337,574.243038
307.197152,337,574.554413
307.441878,337,574.879219
307.213689,337,575.177508
307.052584,337,575.505552
307.170229,337,575.814174
307.276237,337,576.124448
307.27584,337,576.452098
307.889057,337,577.073311
307.01535,337,577.37019
307.328309,337,577.684222
307.26031,337,577.984023
307.058675,337,578.280647
307.540913,337,578.582464
307.312339,337,578.869073
307.555166,337,579.194216
307.456832,337,579.483957
307.37736,337,580.124245
307.391376,337,580.410079
307.857933,337,580.725833
307.32534,337,581.10482
307.119841,337,581.446659
306.949469,337,581.727561
307.584458,337,582.053148
307.19366,337,582.348415
307.921498,337,582.608839
307.318413,337,583.20526
307.313023,337,583.505436
307.667444,337,583.821362
307.807032,337,584.127978
307.333198,337,584.404869
307.397519,337,584.683124
306.923482,337,584.969387
307.216774,337,585.269557
307.400604,337,585.535002
307.896659,337,585.811262
307.814851,337,586.428366
307.055226,337,586.724403
307.255852,337,587.044831
307.246917,337,587.350103
307.446636,337,587.640959
307.710793,337,587.947388
307.493393,337,588.240199
307.65553,337,588.529712
307.647163,337,588.85332
307.373609,337,589.49756
307.542004,337,589.797245
307.230945,337,590.117257
307.070033,337,590.41167
307.484482,337,590.740976
307.059915,337,591.028542
307.585585,337,591.323787
307.107843,337,591.636539
307.62732,337,591.956541
306.901644,337,592.241571
306.962424,337,592.840893
307.248029,337,593.176577
307.238276,337,593.462587
307.441997,337,593.767189
307.534257,337,594.074058
307.206319,337,594.376381
306.776651,337,594.672809
307.657867,337,595.003015
307.394449,337,595.310186
307.744697,337,595.913507
307.307782,337,596.216728
307.314611,337,596.551687
307.858785,337,596.866479
307.252742,337,597.154242
306.896448,337,597.447079
307.247253,337,597.754985
307.526045,337,598.096869
306.80095,337,598.393992
307.670882,337,599.00359
306.563706,337,599.300839
307.285083,337,599.622075
307.003726,337,599.925293
307.770135,337,600.213631
306.597702,337,600.511014
306.940953,337,600.829066
307.368673,337,601.131584
307.756424,337,601.414004
307.249022,337,601.697455
307.031993,337,602.317466
307.426315,337,602.618907
306.842863,337,602.942285
306.871351,337,603.263044
306.925112,337,603.589072
306.729195,337,603.929299
307.273873,337,604.239912
307.495666,337,604.507855
306.99688,337,604.835293
307.479939,337,605.482074
306.801103,337,605.775534
307.175932,337,606.075255
307.254474,337,606.397289
307.353067,337,606.668749
307.061167,337,606.992316
307.453586,337,607.316289
306.649283,337,607.617599
307.285171,337,607.939268
307.101413,337,608.560168
306.862847,337,608.869436
307.412253,337,609.149988
306.871327,337,609.434513
306.965105,337,609.7187
307.83882,337,610.069829
307.316454,337,610.375695
307.536127,337,610.662334
306.410236,337,610.971312
307.086933,337,611.260538
307.61025,337,611.888723
306.997985,337,612.238692
307.489743,337,612.535984
307.640538,337,612.849884
307.377831,337,613.165905
306.959769,337,613.452166
307.249496,337,613.751986
307.338308,337,614.064384
307.004941,337,614.342639
306.692852,337,614.967091
307.460076,337,615.252981
307.107059,337,615.587697
307.223824,337,615.847003
306.492431,337,616.169142
307.084226,337,616.464352
307.09406,337,616.7776
307.065422,337,617.113385
307.24382,337,617.414671
307.163654,337,617.737992
306.622085,337,618.349447
307.304809,337,618.668034
307.467674,337,618.978373
307.147983,337,619.302354
307.022758,337,619.626054
307.420437,337,619.924352
307.526102,337,620.241242
307.114073,337,620.54547
307.525762,337,620.832681
307.07625,337,621.445782
307.372074,337,621.780258
306.695465,337,622.077892
307.266722,337,622.394046
306.713219,337,622.70717
306.716554,337,623.02538
306.922237,337,623.305379
307.496504,337,623.588183
307.436738,337,623.865175
306.913867,337,624.514126
306.594122,337,624.802749
307.01835,337,625.115597
307.644795,337,625.426037
307.126892,337,625.735276
306.927225,337,626.078197
307.467741,337,626.4167
306.84294,337,626.700583
306.392328,337,627.008045
306.760422,337,627.317877
306.953498,337,627.955018
307.500731,337,628.278547
306.952463,337,628.593561
307.109897,337,628.907204
307.779775,337,629.253665
307.069461,337,629.532076
307.725011,337,629.839789
307.144588,337,630.186864
306.431991,337,630.512014
307.25221,337,631.138299
307.305542,337,631.461552
306.96439,337,631.777706
306.930197,337,632.065936
307.269263,337,632.389263
307.076386,337,632.704816
307.216475,337,632.999194
306.764779,337,633.310195
307.634609,337,633.625121
307.628366,337,633.905154
307.358993,337,634.530705
307.234037,337,634.856515
306.971134,337,635.180567
307.079168,337,635.491736
306.602939,337,635.790565
306.676384,337,636.052721
306.763402,337,636.317985
307.209046,337,636.593248
307.258241,337,636.894328
307.063106,337,637.507339
306.984873,337,637.785595
307.135813,337,638.082827
307.136917,337,638.370138
306.544211,337,638.686564
307.414493,337,639.002967
306.387146,337,639.323105
306.638676,337,639.628493
307.800721,337,639.907469
307.48197,337,640.55677
