#{"t_start": 1693740617.401158, "env_id": null}
r,l,t
158.182142,205,0.985081
149.632519,205,1.14565
148.251437,205,1.312205
147.518016,205,1.47879
148.771258,205,1.644612
154.204508,205,1.813219
155.148081,205,1.971857
147.539491,205,2.13648
148.727424,205,2.442109
141.470451,205,2.604036
149.916735,205,2.768675
149.735443,205,2.931242
147.758228,205,3.091822
145.576627,205,3.252434
145.059609,205,3.417072
144.712977,205,3.578815
151.150612,205,3.750864
148.846626,205,3.902458
147.982243,205,4.06009
148.12922,205,4.254629
154.045699,205,4.417195
151.282475,205,4.578525
145.343139,205,4.738111
147.481351,205,4.89682
150.629802,205,5.057378
144.576274,205,5.222019
146.68531,205,5.391782
155.60603,205,5.553416
148.252475,205,5.711678
144.682953,205,5.876435
148.957794,205,6.032016
152.013884,205,6.225523
154.838968,205,6.392114
144.450645,205,6.563504
151.950766,205,6.73803
154.512381,205,6.900771
151.372155,205,7.059348
157.510925,205,7.221944
146.090147,205,7.380615
156.394375,205,7.549209
155.162841,205,7.714684
147.1199,205,7.880334
157.581562,205,8.04095
155.487316,205,8.246463
149.582329,205,8.405122
158.749195,205,8.564745
151.2475,205,8.726516
153.020962,205,8.88618
150.083449,205,9.046867
154.152298,205,9.208457
151.767977,205,9.373017
160.915649,205,9.537578
152.44762,205,9.710986
153.646265,205,9.875576
154.901867,205,10.039138
154.311723,205,10.229915
157.032467,205,10.402297
150.125516,205,10.57287
155.780981,205,10.738334
153.781296,205,10.901993
149.246735,205,11.067645
151.29058,205,11.231391
154.823488,205,11.39522
149.28179,205,11.560795
156.043572,205,11.728064
147.047971,205,11.889745
160.514128,205,12.055342
149.684794,205,12.231059
146.288523,205,12.400606
149.857411,205,12.575139
149.215001,205,12.737541
149.708344,205,12.901102
147.385798,205,13.070767
152.356899,205,13.238344
156.368517,205,13.400978
153.070793,205,13.561648
147.796855,205,13.722964
155.825935,205,13.889508
160.571579,205,14.0551
150.9195,205,14.219692
148.430659,205,14.407357
154.463865,205,14.568965
149.996518,205,14.733188
158.377797,205,14.89786
158.197562,205,15.059505
159.862542,205,15.22215
155.32863,205,15.403103
151.28631,205,15.59354
154.151632,205,15.752808
155.673619,205,15.901476
158.281858,205,16.061098
148.131707,205,16.222677
152.25766,205,16.424139
153.339444,205,16.589291
154.011953,205,16.749921
157.681423,205,16.923677
155.740399,205,17.083277
159.944323,205,17.242982
160.68827,205,17.402591
157.125978,205,17.565336
156.339988,205,17.731344
157.859546,205,17.897929
151.492732,205,18.057681
150.326531,205,18.224261
154.906875,205,18.401979
160.873852,205,18.566608
160.744356,205,18.730031
154.116973,205,18.892814
158.076578,205,19.060367
156.400755,205,19.222044
159.702914,205,19.386666
168.73002,205,19.553281
152.832204,205,19.728505
155.477788,205,19.89421
155.35385,205,20.054676
155.023459,205,20.222749
155.943145,205,20.419094
159.72003,205,20.584619
159.991369,205,20.748969
156.819829,205,20.912494
162.888214,205,21.073112
158.598246,205,21.244741
154.524023,205,21.414287
156.008569,205,21.581682
156.643737,205,21.744468
155.74131,205,21.90605
161.28793,205,22.064671
157.812575,205,22.230348
161.970651,205,22.391905
159.52851,205,22.558495
163.701312,205,22.736989
157.961446,205,22.900626
163.208822,205,23.063346
159.501667,205,23.227967
165.378609,205,23.392624
165.825852,205,23.55624
156.994779,205,23.717616
164.314348,205,23.890202
161.36451,205,24.066723
157.205901,205,24.220311
159.119881,205,24.409835
165.548368,205,24.572648
162.374942,205,24.731968
161.506311,205,24.895687
158.580516,205,25.053275
164.133888,205,25.216838
158.114288,205,25.382455
159.875852,205,25.558984
159.26272,205,25.719252
157.187569,205,25.878831
158.13581,205,26.04251
154.670531,205,26.210063
163.248284,205,26.390616
165.374782,205,26.556259
158.764783,205,26.714968
160.039287,205,26.875572
159.049247,205,27.052134
160.481345,205,27.21371
163.529522,205,27.380361
158.951657,205,27.547974
163.459938,205,27.707531
161.946885,205,27.869182
163.292919,205,28.033803
161.33899,205,28.197365
168.2134,205,28.393933
167.016898,205,28.555617
167.762168,205,28.726065
163.110254,205,28.89072
162.721992,205,29.049445
170.69119,205,29.212978
157.698864,205,29.375621
163.715532,205,29.542214
159.259752,205,29.704024
168.190761,205,29.882547
166.487484,205,30.044221
169.087623,205,30.203917
168.838857,205,30.372572
166.641439,205,30.537177
165.093316,205,30.698472
159.581361,205,30.859135
161.964919,205,31.028726
166.317355,205,31.187397
169.289406,205,31.362077
163.291382,205,31.528648
170.851525,205,31.690927
169.76828,205,31.854455
167.413438,205,32.01406
167.530624,205,32.17571
170.742494,205,32.376263
167.681461,205,32.544933
165.157887,205,32.718334
159.278497,205,32.878961
165.280578,205,33.039492
167.078593,205,33.199131
172.379178,205,33.365784
168.478174,205,33.528345
169.394876,205,33.693893
163.285009,205,33.856492
169.544351,205,34.020122
171.844352,205,34.199641
170.892548,205,34.355226
168.898098,205,34.513829
168.008914,205,34.671257
173.71234,205,34.832825
172.763782,205,34.990432
169.609483,205,35.148979
171.647853,205,35.307677
165.379935,205,35.465338
169.41707,205,35.637828
169.439441,205,35.80447
174.272762,205,35.968085
168.750867,205,36.134749
175.560239,205,36.300536
173.150955,205,36.511705
169.441168,205,36.678491
171.490949,205,36.837162
171.625279,205,37.007737
173.097618,205,37.172381
174.45891,205,37.349907
168.300289,205,37.514467
174.622062,205,37.682875
175.790139,205,37.840466
174.259333,205,38.001135
169.533259,205,38.159777
171.513624,205,38.336968
171.543315,205,38.514527
167.410502,205,38.687751
169.202173,205,38.857713
173.238476,205,39.027761
170.265939,205,39.192745
172.708153,205,39.360297
175.248851,205,39.529845
172.759116,205,39.694042
169.253306,205,39.855745
175.039001,205,40.029334
175.580606,205,40.195949
173.06663,205,40.39257
176.162619,205,40.560154
169.265691,205,40.728734
170.622265,205,40.889405
173.275434,205,41.05501
169.627588,205,41.219442
173.599374,205,41.39202
174.493472,205,41.558006
174.428155,205,41.72051
175.2589,205,41.886068
177.317511,205,42.044696
179.103659,205,42.209263
175.749893,205,42.373857
178.815461,205,42.546455
172.461631,205,42.713359
173.116018,205,42.884961
174.848251,205,43.04662
173.71049,205,43.209232
178.816184,205,43.373689
174.922088,205,43.5423
176.615976,205,43.707946
177.307659,205,43.873554
176.131242,205,44.03527
176.986746,205,44.206815
172.224736,205,44.374366
177.204966,205,44.528986
171.080813,205,44.691236
173.896979,205,44.857791
176.685186,205,45.01537
176.207497,205,45.178963
177.435378,205,45.345518
179.648443,205,45.511099
176.404041,205,45.671332
179.719957,205,45.848826
178.24551,205,46.021364
180.816292,205,46.179941
178.546634,205,46.323589
176.411016,205,46.503602
175.399356,205,46.670091
179.609902,205,46.832722
178.131765,205,46.991341
174.865442,205,47.16202
173.976891,205,47.324918
182.765269,205,47.489565
178.594289,205,47.65048
174.20384,205,47.814099
174.724197,205,47.974793
179.004557,205,48.138435
174.631635,205,48.299103
179.42065,205,48.494792
178.652423,205,48.671956
178.086496,205,48.836543
177.079255,205,49.001222
178.019983,205,49.159821
178.418601,205,49.3175
177.919273,205,49.491998
176.589656,205,49.650654
178.182403,205,49.792273
176.098455,205,49.932352
177.582568,205,50.080835
176.821547,205,50.219464
183.599088,205,50.375049
180.799459,205,50.522654
177.680773,205,50.670154
176.970284,205,50.82378
178.470317,205,50.989419
176.103499,205,51.153054
177.251691,205,51.323685
179.21094,205,51.486371
180.932355,205,51.649646
179.91685,205,51.795255
180.722973,205,51.932888
178.636881,205,52.07052
179.762437,205,52.204162
180.5776,205,52.349796
179.184408,205,52.513428
181.540476,205,52.682878
179.701411,205,52.850431
177.07863,205,53.02297
179.942916,205,53.183542
178.315198,205,53.336132
179.880022,205,53.483767
177.296381,205,53.632097
178.213723,205,53.803703
180.533798,205,53.967314
176.946775,205,54.145989
174.59055,205,54.306567
181.699482,205,54.491067
178.306753,205,54.63832
178.435258,205,54.786924
178.74988,205,54.94151
175.458048,205,55.105169
178.422247,205,55.268753
179.151415,205,55.442365
181.664473,205,55.605125
181.153623,205,55.768661
180.387746,205,55.935255
178.943856,205,56.097919
178.458576,205,56.259479
181.265264,205,56.436043
179.342243,205,56.600797
179.71289,205,56.760406
181.61872,205,56.931999
180.725663,205,57.099551
179.559828,205,57.258268
181.606713,205,57.418869
180.697016,205,57.576487
181.623917,205,57.737678
179.34829,205,57.899341
183.355634,205,58.064022
181.198022,205,58.223607
180.93053,205,58.42813
179.361455,205,58.593452
180.069748,205,58.7581
179.846663,205,58.917694
180.22986,205,59.083221
179.846221,205,59.245881
180.568599,205,59.406595
180.634016,205,59.567198
183.014908,205,59.739563
180.563118,205,59.900209
181.374872,205,60.091638
183.161575,205,60.250214
180.757168,205,60.421816
181.025156,205,60.586572
181.883238,205,60.745168
181.192621,205,60.907822
184.061039,205,61.076447
182.731048,205,61.249098
183.152072,205,61.410766
182.418174,205,61.572419
182.657101,205,61.733012
181.741086,205,61.894661
182.921612,205,62.057332
182.530509,205,62.221886
180.932054,205,62.381472
185.034373,205,62.578315
179.010822,205,62.751446
180.071817,205,62.915187
180.333307,205,63.077753
181.116508,205,63.245355
181.292959,205,63.411975
182.748495,205,63.573626
182.177058,205,63.736398
180.481135,205,63.899035
182.668629,205,64.072685
181.019611,205,64.233394
182.668689,205,64.391032
180.673844,205,64.567529
180.833349,205,64.708591
181.741003,205,64.866203
181.16136,205,65.02684
181.660482,205,65.191537
181.051056,205,65.354103
182.688133,205,65.525728
180.855857,205,65.675051
181.198194,205,65.826681
181.713622,205,65.983338
178.388128,205,66.150883
177.622502,205,66.309506
183.410475,205,66.489846
180.880884,205,66.653497
181.358276,205,66.818057
181.857333,205,66.991718
182.529399,205,67.155328
180.998821,205,67.321938
183.892254,205,67.488492
181.63094,205,67.65472
180.967786,205,67.82031
181.666793,205,67.979029
182.095484,205,68.14163
182.004951,205,68.312248
182.590379,205,68.515739
182.562552,205,68.683377
183.846877,205,68.845942
177.89451,205,68.991553
181.132307,205,69.136167
182.911765,205,69.279783
182.142369,205,69.414422
183.693009,205,69.544076
181.199428,205,69.683689
185.008817,205,69.812345
182.340998,205,69.941001
181.305868,205,70.071652
182.215925,205,70.201305
182.293258,205,70.329961
182.936889,205,70.459614
178.866644,205,70.596375
179.896126,205,70.728255
183.153488,205,70.868006
182.481799,205,70.997659
182.990626,205,71.12932
183.197994,205,71.257976
184.097626,205,71.394636
179.27934,205,71.545305
180.940464,205,71.6938
185.546317,205,71.84648
181.39644,205,72.005229
185.214846,205,72.167852
182.454876,205,72.328534
179.599559,205,72.487297
179.282808,205,72.653638
181.786603,205,72.817302
181.530931,205,72.982929
182.981015,205,73.143503
179.036673,205,73.308079
182.699221,205,73.485605
179.348961,205,73.646025
180.658505,205,73.805176
182.831533,205,73.96299
180.974716,205,74.124655
182.456429,205,74.285325
181.295427,205,74.448887
180.845234,205,74.614224
181.244733,205,74.782802
180.567562,205,74.944341
182.550063,205,75.106906
179.081097,205,75.268575
185.762256,205,75.437182
179.827277,205,75.597735
183.27791,205,75.75591
181.354979,205,75.913525
182.656102,205,76.078181
180.092776,205,76.255218
181.112962,205,76.427451
181.704298,205,76.597422
183.035839,205,76.757176
182.260438,205,76.923789
182.483898,205,77.088371
181.085414,205,77.249984
182.016613,205,77.418524
182.705089,205,77.590064
184.288795,205,77.78581
183.081797,205,77.941428
179.525694,205,78.107949
182.698253,205,78.287468
182.508708,205,78.444051
183.943809,205,78.649176
182.029452,205,78.801766
183.478334,205,78.947377
182.966897,205,79.093983
180.476801,205,79.260562
183.532731,205,79.426325
182.252696,205,79.595656
181.779251,205,79.758283
181.194315,205,79.919883
181.82633,205,80.088401
184.576877,205,80.283879
183.02644,205,80.464396
184.500631,205,80.629648
180.116509,205,80.780245
184.254975,205,80.947798
184.375817,205,81.20511
182.532852,205,81.377153
181.726765,205,81.541394
183.844105,205,81.726898
182.438168,205,82.017569
181.146884,205,82.216031
183.217007,205,82.402534
182.896824,205,82.567093
181.981806,205,82.712975
181.56541,205,82.86457
182.424014,205,83.07401
181.668449,205,83.25353
183.045487,205,83.40712
180.708653,205,83.565695
181.513405,205,83.728699
184.721642,205,83.955094
183.219826,205,84.135612
182.397276,205,84.297181
179.359368,205,84.459746
183.262234,205,84.636919
182.23318,205,84.856331
183.605055,205,85.142565
182.13301,205,85.313111
183.982158,205,85.468694
181.439819,205,85.634263
182.931823,205,85.978697
183.636742,205,86.2533
183.521714,205,86.513833
184.297813,205,86.735226
183.426524,205,86.97658
181.975156,205,87.160089
182.579847,205,87.321657
182.240083,205,87.494196
182.077704,205,87.703101
185.237525,205,87.844722
183.606784,205,87.984349
184.262322,205,88.136942
183.324266,205,88.310476
182.51278,205,88.469053
184.181325,205,88.633333
182.837347,205,88.799888
180.571067,205,88.963451
183.889873,205,89.133995
182.830386,205,89.314512
182.365121,205,89.462138
184.285936,205,89.606772
184.677322,205,89.785267
185.221073,205,89.959801
184.498234,205,90.125357
180.159182,205,90.272963
181.482784,205,90.432536
182.037187,205,90.609986
181.710046,205,90.751662
181.95249,205,90.903258
183.54004,205,91.072804
185.186389,205,91.223289
183.528949,205,91.381865
182.743097,205,91.54842
179.709486,205,91.726526
182.152491,205,91.883107
182.570678,205,92.037695
182.534186,205,92.224266
183.117314,205,92.391841
180.393068,205,92.589943
181.489688,205,92.739545
183.226208,205,92.875181
183.4122,205,93.025806
184.128895,205,93.195325
181.097701,205,93.463608
183.756171,205,93.707837
184.102074,205,94.016014
182.624081,205,94.278312
183.10611,205,94.433896
182.441314,205,94.670265
184.089419,205,94.854772
180.216509,205,95.015342
183.242761,205,95.167933
184.407988,205,95.365406
181.833242,205,95.500046
184.457705,205,95.63488
182.041529,205,95.774507
182.082517,205,95.929106
181.995963,205,96.080765
183.648945,205,96.23757
183.648732,205,96.409111
183.256088,205,96.605853
183.679733,205,96.771451
185.386634,205,96.92709
181.033968,205,97.091692
184.729883,205,97.249344
183.232348,205,97.405925
182.749129,205,97.566546
184.351416,205,97.731713
183.07916,205,97.907288
185.892566,205,98.075897
183.337476,205,98.233506
182.519338,205,98.393049
183.170135,205,98.564707
181.622589,205,98.732116
183.388665,205,98.889796
185.683391,205,99.049373
185.087275,205,99.212088
182.955161,205,99.390689
182.136975,205,99.554452
179.436259,205,99.713888
182.386167,205,99.871584
184.932144,205,100.036189
185.608867,205,100.201797
182.613141,205,100.367381
184.010411,205,100.537098
184.360554,205,100.731613
181.565132,205,100.892288
180.668741,205,101.060942
181.796703,205,101.221474
180.849072,205,101.380094
183.436699,205,101.540663
184.072039,205,101.701144
183.316444,205,101.861809
181.041163,205,102.022374
184.059567,205,102.200943
184.204834,205,102.364506
183.901745,205,102.532214
181.058617,205,102.727791
184.399672,205,102.890415
183.503376,205,103.057959
181.592764,205,103.220744
183.627868,205,103.381403
182.38747,205,103.54604
184.325401,205,103.726555
183.865023,205,103.893006
183.913691,205,104.051687
183.459194,205,104.221261
185.299395,205,104.386845
182.876325,205,104.550462
184.362114,205,104.729922
183.804744,205,104.890843
182.950741,205,105.063444
181.765866,205,105.24172
181.584113,205,105.389328
182.635379,205,105.542942
182.130883,205,105.71361
183.415254,205,105.873199
179.100076,205,106.037763
184.879265,205,106.202414
181.442249,205,106.37495
181.867957,205,106.538855
183.180992,205,106.678069
181.544071,205,106.832675
182.356258,205,106.981339
186.11488,205,107.13306
183.362071,205,107.281659
184.304058,205,107.428354
183.456335,205,107.581648
182.118967,205,107.747209
185.442536,205,107.921845
182.26177,205,108.085428
184.051315,205,108.254003
182.415594,205,108.414606
179.791346,205,108.572283
179.824299,205,108.740589
181.877839,205,108.905149
181.694445,205,109.068772
185.926398,205,109.238318
181.292654,205,109.403979
185.400338,205,109.572527
181.133922,205,109.731235
183.70227,205,109.891857
182.893743,205,110.055451
180.617834,205,110.224975
182.683092,205,110.391738
181.248504,205,110.554348
185.284691,205,110.744716
186.516725,205,110.90344
181.879972,205,111.068121
182.401816,205,111.230834
182.655576,205,111.399462
182.384212,205,111.567127
185.577862,205,111.731554
184.834888,205,111.896298
185.177121,205,112.061751
183.711035,205,112.241246
183.749901,205,112.408807
181.684331,205,112.575999
185.757514,205,112.772477
183.984285,205,112.933241
185.825952,205,113.099764
182.332085,205,113.258392
183.089062,205,113.420588
183.158127,205,113.59429
184.388568,205,113.758955
182.548563,205,113.918641
182.974444,205,114.078339
182.527051,205,114.235944
184.228458,205,114.403535
184.673362,205,114.562078
180.452516,205,114.753605
181.343413,205,114.914175
183.342228,205,115.083833
185.38528,205,115.248486
180.316453,205,115.421993
183.02751,205,115.566656
182.705249,205,115.721316
184.617799,205,115.872974
184.256039,205,116.03566
184.103943,205,116.202286
183.33996,205,116.370937
186.203189,205,116.549995
183.69359,205,116.758381
185.691008,205,116.922057
183.393802,205,117.08569
183.431825,205,117.247322
185.373762,205,117.408951
183.47485,205,117.56957
184.505892,205,117.728148
183.811488,205,117.899803
184.114505,205,118.067449
185.418546,205,118.227124
181.301617,205,118.384817
183.231132,205,118.554497
185.413197,205,118.753817
183.580541,205,118.916559
179.63738,205,119.07631
182.593286,205,119.238033
183.716683,205,119.416556
183.786714,205,119.5792
185.008576,205,119.741548
182.506676,205,119.905128
183.648636,205,120.065894
183.763129,205,120.230453
182.068677,205,120.390026
183.151338,205,120.55863
182.2961,205,120.76075
182.802795,205,120.933378
185.280001,205,121.097907
182.581072,205,121.265475
185.263526,205,121.431165
181.701441,205,121.59232
180.284996,205,121.750896
182.85277,205,121.906486
184.596019,205,122.068139
184.839343,205,122.245753
183.066192,205,122.410377
184.272535,205,122.574996
185.917028,205,122.771598
182.926514,205,122.932225
184.114478,205,123.091855
183.489998,205,123.251464
182.38244,205,123.412143
182.425925,205,123.57263
182.995642,205,123.744171
183.89952,205,123.903903
182.730924,205,124.061605
183.493858,205,124.224171
183.527122,205,124.381757
184.152322,205,124.53948
184.546195,205,124.737746
183.708648,205,124.892444
183.734042,205,125.052018
181.717697,205,125.225708
183.41175,205,125.390429
184.630664,205,125.559976
185.800653,205,125.71148
180.958349,205,125.868069
182.374369,205,126.025711
183.969855,205,126.188292
185.620967,205,126.352919
185.250883,205,126.5272
184.292009,205,126.708964
184.897681,205,126.869652
184.276421,205,127.03028
183.373663,205,127.188856
185.056324,205,127.344533
182.508824,205,127.506178
183.711717,205,127.669996
179.484218,205,127.832606
184.170783,205,128.006278
183.323758,205,128.168964
182.08962,205,128.332644
181.046499,205,128.498201
182.983047,205,128.666898
182.71605,205,128.873353
182.209612,205,129.032937
185.099442,205,129.191556
183.12998,205,129.353124
180.695944,205,129.529662
182.398505,205,129.694854
181.760379,205,129.860411
181.204444,205,130.02008
183.136804,205,130.181779
184.516947,205,130.338461
180.178286,205,130.501076
184.75417,205,130.670402
184.525369,205,130.853012
184.082392,205,131.026691
181.298542,205,131.193301
181.492536,205,131.358019
183.740751,205,131.522618
184.36148,205,131.692033
183.671408,205,131.854631
184.973425,205,132.015169
182.637068,205,132.175787
182.527494,205,132.344337
183.003148,205,132.509947
184.450695,205,132.673675
184.939067,205,132.869125
184.142125,205,133.03694
184.053818,205,133.200562
183.837036,205,133.359259
183.036152,205,133.523843
184.350861,205,133.685476
184.344882,205,133.861068
181.860837,205,134.030875
184.308983,205,134.197438
186.116638,205,134.359174
183.957506,205,134.522729
182.882798,205,134.68893
183.474604,205,134.893529
182.109328,205,135.052137
183.367088,205,135.214757
182.584552,205,135.38838
183.982067,205,135.554032
184.977222,205,135.719627
183.679944,205,135.859254
183.482545,205,136.004947
184.256891,205,136.148592
184.27709,205,136.303469
183.866221,205,136.465434
183.683685,205,136.640217
185.65398,205,136.806817
182.318038,205,136.972374
184.625705,205,137.131086
183.600161,205,137.295707
185.039323,205,137.457389
182.992287,205,137.63435
184.213311,205,137.798868
184.788168,205,137.943481
180.620791,205,138.096073
182.797666,205,138.245713
185.353473,205,138.39835
183.957071,205,138.561054
185.881035,205,138.720604
184.0708,205,138.889051
184.901315,205,139.054714
183.173348,205,139.218352
183.982152,205,139.377069
184.475518,205,139.55157
184.14451,205,139.716039
184.943342,205,139.888578
183.761389,205,140.055294
186.370408,205,140.22102
184.139239,205,140.381781
183.89789,205,140.551308
182.62015,205,140.715493
185.17105,205,140.921036
182.971074,205,141.083563
183.367284,205,141.243247
184.166858,205,141.404788
184.562231,205,141.569466
184.614636,205,141.729025
184.811169,205,141.889671
182.380714,205,142.047389
184.033494,205,142.205059
186.081218,205,142.377598
183.765521,205,142.543275
184.942399,205,142.704696
183.796665,205,142.867293
184.564708,205,143.033887
185.212532,205,143.193548
184.157068,205,143.352167
183.836186,205,143.511775
184.078049,205,143.67608
185.654494,205,143.859612
182.540995,205,144.025276
184.231844,205,144.189919
184.714704,205,144.354507
184.437825,205,144.519089
183.891768,205,144.695371
184.552393,205,144.896019
183.394412,205,145.061591
184.208294,205,145.234306
183.04524,205,145.395907
185.407635,205,145.562556
183.649877,205,145.726996
184.989719,205,145.890558
180.453116,205,146.027193
183.55291,205,146.184907
183.798489,205,146.350503
183.191225,205,146.51703
184.686016,205,146.69329
183.563961,205,146.859876
185.755066,205,147.026506
183.759737,205,147.18918
184.068882,205,147.349972
184.650727,205,147.51154
185.745032,205,147.6699
183.619363,205,147.830492
183.743853,205,147.996124
185.267085,205,148.168706
185.022805,205,148.326366
184.912951,205,148.493006
184.77011,205,148.656596
183.632615,205,148.815232
182.29273,205,148.978917
182.104614,205,149.144581
183.259697,205,149.308177
183.732265,205,149.485765
185.126465,205,149.650017
184.842617,205,149.815671
185.159123,205,149.979234
184.540411,205,150.140893
184.549286,205,150.29958
184.769598,205,150.464248
182.661306,205,150.630783
183.338392,205,150.797338
181.259097,205,150.975913
184.754649,205,151.136487
183.535416,205,151.306997
186.069208,205,151.467648
184.618831,205,151.641454
185.38744,205,151.803072
184.506629,205,151.959778
183.205662,205,152.119418
183.653984,205,152.281091
183.969932,205,152.457668
184.332231,205,152.626927
184.104784,205,152.826503
182.771475,205,152.993059
183.123628,205,153.154659
181.480664,205,153.321349
183.823359,205,153.48694
183.756222,205,153.645609
185.501085,205,153.813276
184.576997,205,153.979005
182.327087,205,154.144508
185.30591,205,154.307198
185.224811,205,154.468942
183.656365,205,154.634714
184.006441,205,154.797278
184.445364,205,154.956871
182.783499,205,155.116467
185.043833,205,155.291086
182.864861,205,155.455725
183.625718,205,155.617297
185.340442,205,155.777975
182.862538,205,155.947564
185.670599,205,156.092178
184.947854,205,156.247853
184.693388,205,156.407488
185.030903,205,156.572066
183.513608,205,156.745891
184.103015,205,156.939466
181.712357,205,157.097062
182.746527,205,157.255685
183.810936,205,157.422274
183.189006,205,157.580034
184.719641,205,157.747824
181.490317,205,157.912431
182.531357,205,158.078027
182.235398,205,158.243545
184.203135,205,158.405222
182.432576,205,158.565894
184.992888,205,158.730399
184.476979,205,158.920956
184.282112,205,159.085596
183.400799,205,159.253258
181.82391,205,159.421911
181.246655,205,159.591144
185.229374,205,159.757778
183.933817,205,159.916459
184.281081,205,160.075094
183.827457,205,160.2328
184.816083,205,160.400448
185.561589,205,160.573984
182.768477,205,160.740673
182.966265,205,160.940207
184.392573,205,161.115813
183.638983,205,161.288525
182.805017,205,161.454468
184.902457,205,161.615148
182.270751,205,161.781766
185.118077,205,161.943368
181.70514,205,162.101031
184.378268,205,162.260595
183.939834,205,162.433227
183.204238,205,162.59681
183.692185,205,162.765381
184.14359,205,162.964915
183.12173,205,163.122564
185.476023,205,163.28125
183.172683,205,163.443815
183.670359,205,163.608321
183.203111,205,163.771027
184.523181,205,163.943422
182.381226,205,164.103092
183.587048,205,164.264679
182.499018,205,164.426306
181.730191,205,164.585758
183.177842,205,164.750318
182.771345,205,164.907896
178.981937,205,165.051521
180.514784,205,165.209193
182.694145,205,165.382833
182.447241,205,165.549584
183.920334,205,165.714945
181.169796,205,165.878479
181.997601,205,166.038116
184.250694,205,166.202676
184.831677,205,166.349284
184.944493,205,166.50123
183.733682,205,166.675553
184.345891,205,166.843106
184.354703,205,166.993703
186.01732,205,167.14834
182.083191,205,167.295972
183.824466,205,167.446535
183.778488,205,167.599062
182.765731,205,167.749946
185.474781,205,167.90151
184.237409,205,168.064075
184.57443,205,168.229711
183.096966,205,168.388434
184.126037,205,168.548115
185.162207,205,168.709351
186.277017,205,168.904946
185.957323,205,169.070503
186.452738,205,169.230161
184.056935,205,169.388822
179.741806,205,169.562464
179.959308,205,169.730369
181.729036,205,169.890006
183.211225,205,170.047595
183.318859,205,170.207262
185.351028,205,170.372949
183.674904,205,170.54152
181.857685,205,170.70003
182.180854,205,170.888593
185.540071,205,171.059267
185.41359,205,171.216954
181.935569,205,171.380636
186.077382,205,171.544289
184.05735,205,171.708469
182.381069,205,171.876043
182.895557,205,172.036674
182.441991,205,172.195391
184.29935,205,172.367055
182.939385,205,172.529652
183.370749,205,172.691871
183.037339,205,172.85551
183.032964,205,173.03207
180.958288,205,173.189749
180.842293,205,173.352332
182.423289,205,173.515996
182.085355,205,173.682275
183.744654,205,173.853813
183.378951,205,174.016378
181.650255,205,174.17804
182.255949,205,174.343614
185.877046,205,174.510193
184.346793,205,174.669531
183.649148,205,174.826213
182.768234,205,175.011856
184.215208,205,175.167568
183.356162,205,175.338442
184.80945,205,175.504964
183.784826,205,175.666576
185.005416,205,175.833129
183.872489,205,175.995754
182.240392,205,176.15539
184.7317,205,176.33092
182.200765,205,176.484583
182.106253,205,176.656061
180.231598,205,176.822616
181.809722,205,177.006298
179.622979,205,177.169926
181.641994,205,177.334641
184.573193,205,177.501253
183.308441,205,177.667492
184.742045,205,177.834015
184.835322,205,177.99658
183.832822,205,178.165185
182.95363,205,178.328907
183.074834,205,178.49247
183.829475,205,178.656847
184.471808,205,178.820506
183.686898,205,178.99909
182.082534,205,179.155843
184.215129,205,179.31656
182.065356,205,179.48213
183.405792,205,179.656547
184.48522,205,179.828135
182.881832,205,179.991752
183.807997,205,180.14841
186.572654,205,180.307957
183.071635,205,180.468663
184.219812,205,180.636291
183.472578,205,180.80085
184.976719,205,181.001314
184.920908,205,181.161885
182.679487,205,181.322485
184.60479,205,181.484234
184.335196,205,181.641312
181.441233,205,181.796893
180.760244,205,181.963448
184.787864,205,182.124055
182.245786,205,182.291652
183.949709,205,182.463238
180.425332,205,182.623583
183.384079,205,182.78229
184.800279,205,182.956836
181.583061,205,183.122416
183.206965,205,183.285054
184.363171,205,183.451686
184.81725,205,183.615917
182.481497,205,183.773592
182.022942,205,183.94513
184.687833,205,184.111806
183.019906,205,184.269561
185.898877,205,184.42925
184.313961,205,184.598804
183.379483,205,184.758386
182.169434,205,184.920056
183.697897,205,185.10265
183.931578,205,185.274299
183.598694,205,185.43388
183.047121,205,185.595428
183.975936,205,185.757036
184.58989,205,185.920599
184.242371,205,186.084266
182.08823,205,186.241955
184.659825,205,186.414588
182.480853,205,186.563516
177.524471,205,186.728581
181.14282,205,186.893187
180.352841,205,187.092805
184.323145,205,187.250566
183.511447,205,187.412135
181.838394,205,187.574802
184.214122,205,187.736394
183.935512,205,187.896964
182.896887,205,188.060527
184.077954,205,188.2381
182.573582,205,188.400674
183.962561,205,188.559315
184.65885,205,188.722281
184.51474,205,188.884864
183.818327,205,189.052497
184.91294,205,189.216103
183.281155,205,189.382705
185.730126,205,189.556458
184.754184,205,189.713733
181.674187,205,189.874335
185.393428,205,190.03896
183.089457,205,190.20471
182.441259,205,190.368281
183.960817,205,190.534889
181.049274,205,190.698593
183.263685,205,190.861218
184.105382,205,191.03382
185.279078,205,191.195508
184.667587,205,191.361138
182.803422,205,191.520766
184.865998,205,191.689329
183.237888,205,191.854886
182.923739,205,192.015461
184.07578,205,192.185092
182.230981,205,192.349729
182.898456,205,192.521378
183.963362,205,192.686666
184.144102,205,192.854333
183.072277,205,193.055904
181.876187,205,193.217721
184.086491,205,193.381273
183.670074,205,193.545913
184.200937,205,193.704595
182.770878,205,193.873235
183.195418,205,194.038753
182.986642,205,194.205023
183.519878,205,194.369719
185.627426,205,194.53531
181.406939,205,194.70083
184.491322,205,194.865476
182.352886,205,195.024148
183.282136,205,195.187751
185.336776,205,195.366233
183.815804,205,195.525835
186.265654,205,195.689663
182.720206,205,195.849298
184.609249,205,196.013869
181.65126,205,196.179579
185.826048,205,196.347262
183.138266,205,196.540363
183.144766,205,196.677993
183.374785,205,196.83657
184.336983,205,196.987199
186.16049,205,197.141754
183.263218,205,197.294346
181.994542,205,197.448987
181.934806,205,197.615439
185.47374,205,197.780739
182.683165,205,197.944329
183.971084,205,198.11394
182.420661,205,198.277766
183.024671,205,198.442447
182.977211,205,198.603733
185.390233,205,198.76549
184.215786,205,198.927076
182.095952,205,199.092441
182.983057,205,199.254066
182.491418,205,199.415694
185.340455,205,199.58396
185.877953,205,199.747632
183.281221,205,199.905211
184.801439,205,200.068767
183.710971,205,200.231332
184.669391,205,200.397963
183.4092,205,200.561521
183.155539,205,200.720075
183.840667,205,200.879748
183.929647,205,201.087562
181.991499,205,201.246218
184.265896,205,201.40976
179.670852,205,201.572404
184.729484,205,201.736112
183.669991,205,201.899774
184.911675,205,202.059397
179.806837,205,202.218016
181.983732,205,202.387649
181.54475,205,202.553306
182.251191,205,202.713715
181.236928,205,202.874304
178.058513,205,203.05593
182.55002,205,203.221555
183.846009,205,203.386189
184.533972,205,203.551732
184.349154,205,203.718302
186.432573,205,203.888878
181.477978,205,204.047541
184.427684,205,204.214096
183.617774,205,204.378656
183.90808,205,204.539261
183.858924,205,204.702847
182.124742,205,204.863418
180.306794,205,205.068869
183.056726,205,205.236492
184.503161,205,205.410234
184.0457,205,205.575691
182.904692,205,205.738356
182.797707,205,205.895967
185.47752,205,206.058556
182.963652,205,206.230765
184.791382,205,206.410365
185.320282,205,206.586144
184.792074,205,206.758682
184.010306,205,206.910277
184.099646,205,207.059888
183.444043,205,207.202506
184.181664,205,207.366105
183.139246,205,207.530868
182.753684,205,207.695141
183.953052,205,207.857719
182.557761,205,208.017452
181.204573,205,208.182067
181.822117,205,208.342713
182.228387,205,208.511406
181.527388,205,208.670833
182.210824,205,208.835446
183.3025,205,208.996069
185.897996,205,209.157713
183.901918,205,209.319336
182.585327,205,209.484944
185.214707,205,209.656131
184.63922,205,209.82468
185.707445,205,209.990345
183.96074,205,210.155049
184.87514,205,210.316661
183.277871,205,210.47424
184.563425,205,210.642889
186.002786,205,210.80354
184.588671,205,210.974122
185.12825,205,211.173803
184.643194,205,211.337517
183.87812,205,211.502131
183.87323,205,211.670655
182.97946,205,211.835238
183.30331,205,212.000832
184.368389,205,212.163692
180.652271,205,212.324285
184.508074,205,212.500822
181.495175,205,212.669152
182.773342,205,212.834832
182.092118,205,212.99551
185.368292,205,213.197931
184.129366,205,213.356616
184.000078,205,213.520281
184.049845,205,213.685108
184.624509,205,213.844657
183.889413,205,214.015266
184.79676,205,214.172844
183.14944,205,214.331389
184.158868,205,214.491121
185.059254,205,214.662445
184.569562,205,214.822079
185.358148,205,214.980741
184.254159,205,215.141354
181.381055,205,215.307936
182.997324,205,215.474664
184.438206,205,215.637259
185.138746,205,215.802859
180.919103,205,215.963498
181.533861,205,216.124187
182.298453,205,216.282791
180.963659,205,216.442313
182.876176,205,216.599431
181.556329,205,216.777953
182.559811,205,216.933537
183.863882,205,217.111062
184.914746,205,217.256779
183.329574,205,217.413423
182.400815,205,217.576094
183.682233,205,217.743743
183.66332,205,217.903366
184.388132,205,218.069947
186.825009,205,218.242553
184.985886,205,218.405203
182.860756,205,218.565856
184.601021,205,218.728488
184.108434,205,218.887127
183.383824,205,219.085672
183.530241,205,219.252213
184.824771,205,219.418815
184.113318,205,219.581424
184.978366,205,219.754959
184.778956,205,219.911542
183.950738,205,220.069224
183.30571,205,220.23091
180.596631,205,220.388508
179.037695,205,220.556113
182.012046,205,220.722756
180.765228,205,220.88731
182.339114,205,221.09578
185.769809,205,221.258354
184.062841,205,221.421987
182.720686,205,221.580583
182.437864,205,221.744155
184.315088,205,221.907777
185.207894,205,222.070492
186.157944,205,222.234158
185.182582,205,222.395827
183.145237,205,222.574365
182.186252,205,222.738948
182.867829,205,222.906598
184.086018,205,223.066368
184.42949,205,223.268973
182.06376,205,223.4296
181.487582,205,223.591277
183.678285,205,223.755928
182.22216,205,223.920637
184.52623,205,224.094273
184.479419,205,224.254987
184.241842,205,224.417624
183.655443,205,224.579531
183.235882,205,224.74266
183.286747,205,224.911299
184.370187,205,225.072954
183.995074,205,225.268456
184.107415,205,225.440135
182.634621,205,225.603562
185.015608,205,225.767169
184.108889,205,225.926775
184.391053,205,226.091522
183.928514,205,226.2542
183.821184,205,226.412962
183.754085,205,226.575555
181.914667,205,226.738153
183.629201,205,226.917672
183.436222,205,227.074253
184.541708,205,227.210887
182.594131,205,227.354504
183.471722,205,227.491139
183.779344,205,227.636358
183.520851,205,227.785958
182.989317,205,227.93456
184.144439,205,228.098262
183.224022,205,228.266811
184.074418,205,228.424494
183.847763,205,228.58576
183.511355,205,228.746304
183.610777,205,228.907992
184.537793,205,229.076654
185.768572,205,229.278144
184.321549,205,229.444785
185.146394,205,229.614016
181.236154,205,229.777579
183.711547,205,229.936179
183.753102,205,230.096751
184.402432,205,230.259465
182.372021,205,230.422136
183.678443,205,230.58729
185.515292,205,230.753881
181.278113,205,230.917511
180.70114,205,231.090136
181.254681,205,231.258701
181.339265,205,231.424376
182.688037,205,231.584132
182.315132,205,231.742724
182.755783,205,231.902355
181.492894,205,232.067042
180.532725,205,232.227612
183.630682,205,232.391175
184.85657,205,232.557864
183.380385,205,232.719166
183.988212,205,232.881742
182.378039,205,233.048362
184.017889,205,233.247914
183.648304,205,233.410581
183.310626,205,233.570154
183.536141,205,233.730704
182.981867,205,233.900491
184.280589,205,234.060065
184.457693,205,234.219654
184.214037,205,234.381284
184.467527,205,234.548868
183.034295,205,234.711458
183.400338,205,234.87712
183.77448,205,235.043838
184.061254,205,235.247294
184.39406,205,235.419859
184.052858,205,235.582427
185.39836,205,235.743188
183.235195,205,235.908908
183.210684,205,236.069626
182.933803,205,236.23429
182.996734,205,236.396882
183.591411,205,236.558566
184.153588,205,236.72121
186.705375,205,236.889733
185.531327,205,237.05529
182.930937,205,237.21985
182.348475,205,237.379478
183.290352,205,237.543168
181.098124,205,237.708418
184.021391,205,237.875044
182.637855,205,238.039603
183.483944,205,238.211199
180.486937,205,238.368926
182.658588,205,238.53151
185.275025,205,238.695021
182.106096,205,238.915401
183.913635,205,239.103896
183.529809,205,239.266461
183.14241,205,239.421048
184.757898,205,239.594718
183.965138,205,239.763246
183.889178,205,239.927917
183.298024,205,240.082504
185.049742,205,240.24115
185.505676,205,240.402763
183.197116,205,240.59493
184.518973,205,240.751511
184.313891,205,240.911178
183.150169,205,241.100732
183.274601,205,241.28424
184.163806,205,241.442869
185.563286,205,241.60417
183.109501,205,241.776831
181.764034,205,241.938635
182.077856,205,242.109183
180.764072,205,242.265765
182.47396,205,242.416361
181.986876,205,242.598547
184.410643,205,242.743161
180.305755,205,242.895785
183.777868,205,243.052451
182.406794,205,243.254016
183.367865,205,243.420559
185.859426,205,243.583102
183.467861,205,243.748692
183.241546,205,243.90936
184.575812,205,244.080022
182.65948,205,244.248676
181.78132,205,244.412395
185.496091,205,244.578783
184.500754,205,244.743517
184.457727,205,244.905148
186.260036,205,245.070769
183.56666,205,245.269333
183.552466,205,245.437841
182.263184,205,245.608518
184.586868,205,245.776135
185.248144,205,245.936763
183.796529,205,246.097378
183.728269,205,246.262967
188.639521,205,246.419626
180.862966,205,246.586943
184.060977,205,246.753604
184.311783,205,246.920247
184.241991,205,247.08883
184.90854,205,247.257443
180.269153,205,247.413025
178.143528,205,247.571602
182.624951,205,247.731872
180.886851,205,247.890475
183.590803,205,248.0492
183.612794,205,248.208939
182.959859,205,248.373662
182.848247,205,248.53124
184.149474,205,248.691533
182.939504,205,248.855194
179.904135,205,249.018796
181.776036,205,249.211412
182.113584,205,249.380052
182.528397,205,249.549681
184.43126,205,249.711205
184.75566,205,249.883744
185.778933,205,250.049448
186.611741,205,250.210985
182.529154,205,250.367616
185.434964,205,250.533312
182.371604,205,250.700545
185.117445,205,250.860219
184.572742,205,251.021861
183.646502,205,251.228436
185.502164,205,251.392064
185.317413,205,251.559752
183.517346,205,251.722583
184.521933,205,251.883317
183.137844,205,252.04699
183.679056,205,252.212559
185.246378,205,252.379321
186.623884,205,252.536071
183.080768,205,252.709228
183.864046,205,252.874854
183.688535,205,253.039448
184.173469,205,253.233938
184.702071,205,253.39858
183.421413,205,253.561214
182.47889,205,253.725654
183.388094,205,253.89027
182.305857,205,254.051988
181.966031,205,254.225589
185.841794,205,254.381264
183.697134,205,254.543967
181.655308,205,254.709579
182.937952,205,254.868242
181.438613,205,255.02787
186.082265,205,255.188485
184.139338,205,255.395975
184.182544,205,255.557661
186.002046,205,255.732199
184.394321,205,255.891792
185.518335,205,256.054449
183.567272,205,256.215046
184.995178,205,256.377611
183.515095,205,256.546176
186.706735,205,256.71144
185.320416,205,256.875038
183.588831,205,257.045717
184.008583,205,257.202345
184.344389,205,257.390028
183.809494,205,257.545721
183.794751,205,257.706942
182.934869,205,257.87158
183.607336,205,258.035197
184.372804,205,258.197917
181.738374,205,258.357519
182.281343,205,258.52905
183.044112,205,258.695802
184.645129,205,258.858515
185.695068,205,259.022095
182.232509,205,259.184733
183.516684,205,259.348339
186.103256,205,259.514956
184.717808,205,259.681524
182.54734,205,259.846144
186.125433,205,260.014676
184.218568,205,260.178326
183.898251,205,260.339895
183.3975,205,260.50158
182.309208,205,260.66796
185.383847,205,260.834535
184.972127,205,260.998238
186.038973,205,261.154871
183.807245,205,261.353432
184.293668,205,261.517049
185.022253,205,261.674573
183.033529,205,261.841208
185.553719,205,262.005839
184.200716,205,262.16641
181.465905,205,262.329022
181.907452,205,262.494664
179.647851,205,262.657169
180.82801,205,262.82682
180.843165,205,262.991512
183.418456,205,263.155183
182.059111,205,263.318808
181.255965,205,263.481365
182.39881,205,263.640895
183.002807,205,263.810507
183.041907,205,263.973073
183.975301,205,264.137677
184.778954,205,264.30833
184.192388,205,264.468992
183.813788,205,264.627007
184.270548,205,264.788575
184.30559,205,264.953135
184.307354,205,265.117721
182.849386,205,265.317251
183.957434,205,265.474884
186.234922,205,265.643395
184.288741,205,265.807041
184.513154,205,265.968587
185.157211,205,266.133361
184.632055,205,266.297786
184.847351,205,266.463998
182.062756,205,266.631936
181.969337,205,266.797644
182.983961,205,266.960407
184.095625,205,267.148642
183.657485,205,267.312297
184.397631,205,267.472924
186.026438,205,267.641507
185.048027,205,267.787171
185.809094,205,267.94079
183.003226,205,268.088428
182.972169,205,268.240988
182.000845,205,268.390587
181.83969,205,268.561253
185.216722,205,268.721006
185.063141,205,268.886563
184.594221,205,269.04916
183.329379,205,269.211737
183.443842,205,269.377294
184.35453,205,269.542995
181.947823,205,269.704384
181.234471,205,269.874007
183.694646,205,270.039741
185.558524,205,270.20545
182.706219,205,270.361103
183.74567,205,270.526719
183.86727,205,270.693287
185.296687,205,270.854862
183.315916,205,271.016591
184.33676,205,271.176198
182.055825,205,271.369729
184.583012,205,271.532442
183.622308,205,271.692007
183.394766,205,271.850584
181.831075,205,272.016173
184.413898,205,272.18579
184.349019,205,272.348401
185.133756,205,272.519028
183.115977,205,272.68535
184.009542,205,272.858028
182.075456,205,273.021749
183.024066,205,273.183419
181.752094,205,273.37408
183.039275,205,273.535734
181.875533,205,273.695316
182.155192,205,273.858881
182.656343,205,274.022488
184.886445,205,274.194057
183.091873,205,274.354725
184.847089,205,274.518471
185.803023,205,274.685947
183.257057,205,274.850542
183.352411,205,275.01014
182.246201,205,275.170832
182.496447,205,275.336498
184.117402,205,275.50308
184.2945,205,275.675823
185.408773,205,275.840509
184.164795,205,275.999179
183.128898,205,276.162716
184.656968,205,276.321292
184.316298,205,276.489788
185.89378,205,276.655475
182.901301,205,276.819199
183.482504,205,276.983792
182.655092,205,277.156374
183.62856,205,277.352008
185.44253,205,277.515586
183.978256,205,277.697727
184.509647,205,277.840375
183.321518,205,277.989004
182.976792,205,278.156595
184.175303,205,278.319128
183.150763,205,278.489716
183.077497,205,278.651148
184.388465,205,278.810721
182.416775,205,278.97048
183.295623,205,279.135095
183.707775,205,279.299689
183.267732,205,279.484162
183.665743,205,279.641559
185.417943,205,279.806247
184.49556,205,279.972771
184.978587,205,280.142353
181.661546,205,280.300021
183.915139,205,280.465734
184.094202,205,280.631972
182.936904,205,280.799536
182.914598,205,280.965127
185.939294,205,281.125784
184.241801,205,281.285446
183.681272,205,281.490952
184.444155,205,281.652129
182.120961,205,281.817731
185.245972,205,281.976463
184.79293,205,282.139002
185.135765,205,282.30957
183.486166,205,282.474133
184.327825,205,282.641922
183.685909,205,282.812528
183.781002,205,282.974065
183.866282,205,283.133654
184.621278,205,283.299242
184.34322,205,283.493781
184.175588,205,283.653614
184.857627,205,283.812254
184.175264,205,283.973923
183.464178,205,284.13554
181.948902,205,284.317196
184.771395,205,284.481819
182.232187,205,284.646297
183.074293,205,284.809905
185.174345,205,284.972573
184.021537,205,285.135225
185.561409,205,285.298817
185.364543,205,285.481355
187.086944,205,285.648651
185.318631,205,285.820199
183.624491,205,285.980884
185.871569,205,286.140556
183.296897,205,286.309117
181.96225,205,286.476217
184.873095,205,286.644908
185.567405,205,286.809548
184.577429,205,286.974184
185.930745,205,287.145789
184.130722,205,287.311381
184.680005,205,287.499843
184.73883,205,287.647592
182.599595,205,287.795197
183.997981,205,287.929837
183.952247,205,288.069464
184.224734,205,288.222083
183.439692,205,288.385673
